policy,seed,wait_total,wait_l3,wait_l4,holding_cost,wait_init_l3,wait_init_l4,wait_init_all,wait_follow,wait_per_consult,delay_rate_l3,delay_rate_l4,sl_l3,sl_l4,physician_util,n_arrivals,n_initial_done,n_follow_done,n_pathway_done,n_unfinished,q_end_init3,q_end_init4,q_end_follow,n_events,max_queue_len,util_laboratory,nexams_laboratory,util_xray,nexams_xray,util_ct,nexams_ct,util_ultrasound,nexams_ultrasound,policy_label
IFP,20250402,60.551443767142175,59.86978346654052,60.7826501848901,0.8836835133134501,1.8531507539427197,4.241900983681888,3.6387751150404375,98.13619706762333,38.13824566045227,0.0,0.0,1.0,1.0,0.8875401003306168,2317,2313,1330,2290,27,0,1,20,10050,0,0.14863194444444885,1259,0.17258333333333367,436,0.17840277777778,734,0.19387499999999924,297,IFP
IFP,20258321,62.94002968971107,57.58616561124939,64.76221072904319,0.8900651838876456,1.8939790574095656,4.116183823561176,3.5529476311586263,101.44237390729484,39.57824410334075,0.0,0.0,1.0,1.0,0.8616239060793532,2243,2241,1305,2229,14,0,2,4,9753,0,0.14520833333333757,1230,0.1425000000000003,360,0.18350694444444673,755,0.19126388888888818,293,IFP
IFP,20266240,57.33167789480519,50.03843220377268,59.73269340793074,0.7875943280693476,1.7512578034903434,4.20801970989646,3.6002943962065257,89.40796304135146,35.61596839990784,0.0,0.0,1.0,1.0,0.8968842492350663,2281,2280,1357,2257,24,0,1,18,10139,0,0.1541805555555602,1306,0.161104166666667,407,0.19420138888889138,799,0.20693055555555467,317,IFP
IFP,20274159,50.763065681770385,52.877549840811525,50.00687538851869,0.771249375799078,1.7295318135230744,3.618120905524505,3.119966415963895,81.83029937550118,31.9551082578375,0.0,0.0,1.0,1.0,0.8532924508051789,2234,2233,1291,2217,17,0,0,9,9712,0,0.14343750000000416,1215,0.16189583333333366,409,0.17670138888889106,727,0.18734722222222155,287,IFP
IFP,20282078,67.71000333875023,66.2284441458906,68.24223111813373,1.0018412210032204,1.9017470625086923,3.9770917378829282,3.4290413107325954,108.2928707526443,42.31016455890086,0.0,0.0,1.0,1.0,0.8946200012754133,2293,2291,1350,2274,19,0,1,12,10067,0,0.15075694444444895,1277,0.1472500000000003,372,0.19565972222222475,805,0.19648611111111033,301,IFP
IFP,20289997,64.21043455635349,63.35819726480535,64.49312281340312,0.9296198466115146,1.7413136384721701,3.9779040001191417,3.4179956646864307,101.28974013790803,39.82372004008591,0.0,0.0,1.0,1.0,0.8746428296311913,2206,2205,1306,2176,30,0,0,25,9815,0,0.1481597222222266,1255,0.15991666666666698,404,0.19055555555555798,784,0.20105555555555474,308,IFP
IFP,20297916,43.364637156489636,40.34536202917872,44.39642386256514,0.6182664024174949,1.7761032599043265,4.053781958293325,3.476371333079274,66.41775596053546,26.94089092872096,0.0,0.0,1.0,1.0,0.8670483555355686,2210,2209,1313,2183,27,0,0,23,9809,0,0.14957638888889332,1267,0.16902083333333368,427,0.18034722222222446,742,0.1886527777777771,289,IFP
IFP,20305835,28.24465083611928,26.434493138763713,28.820610103459693,0.3948905833797406,1.638608007247175,3.1445849178698273,2.780687151362495,43.166078001138374,17.739114540425195,0.0,0.0,1.0,1.0,0.832979888877704,2153,2152,1266,2146,7,0,0,0,9458,0,0.14013194444444846,1187,0.15833333333333366,400,0.17815972222222443,733,0.186041666666666,285,IFP
IFP,20313754,43.851129277324524,44.23588668896468,43.72759588878012,0.6341998272967733,1.6473736419967755,3.62904589135886,3.146705979209879,69.39556258639685,27.580766055173207,0.0,0.0,1.0,1.0,0.865792138656818,2237,2235,1306,2226,11,0,0,5,9768,0,0.14509027777778202,1229,0.1567500000000003,396,0.1813194444444467,746,0.19126388888888818,293,IFP
IFP,20321673,53.294438818822854,53.12524665401717,53.354665217589336,0.7927780606556516,1.801101661474048,4.089257215951492,3.4923470713052023,82.71494867933579,33.06878500496997,0.0,0.0,1.0,1.0,0.8447833955928079,2164,2162,1288,2137,27,1,1,15,9584,0,0.14473611111111534,1226,0.15120833333333364,382,0.18350694444444673,755,0.18734722222222155,287,IFP
IFP,20329592,54.292537561778325,51.48664599374877,55.18154967596994,0.762136359608748,1.8910631736249355,3.9080842800108475,3.4203731091184335,86.40977917713404,33.80253458985916,0.0,0.0,1.0,1.0,0.8482081848564103,2228,2225,1285,2182,46,0,1,39,9728,0,0.1479236111111155,1253,0.15912500000000032,402,0.17184027777777985,707,0.1886527777777771,289,IFP
IFP,20337511,39.856966950543786,36.91641677203145,40.85863213345594,0.5666408158690237,1.6698229336948913,3.5024744596226554,3.038822068961668,63.092257716013876,24.988177203118166,0.0,0.0,1.0,1.0,0.8308573736287518,2171,2170,1250,2141,30,0,1,25,9405,0,0.14143055555555964,1198,0.1520000000000003,384,0.16868055555555758,694,0.16058333333333297,246,IFP
IFP,20345430,69.68836144895042,65.75127295393875,70.87875173508922,0.9623550705470858,1.814083371862272,4.175732115855275,3.6256586506395134,111.19528100449206,43.278774341863574,0.0,0.0,1.0,1.0,0.8795216132495118,2255,2254,1316,2214,41,0,0,37,9933,0,0.151819444444449,1286,0.15239583333333365,385,0.1832638888888912,754,0.20497222222222136,314,IFP
IFP,20353349,44.343635883396196,44.794413826391605,44.18867231797113,0.6560180987402625,1.8574588141231405,3.925968837465841,3.393058265922434,69.8056295847698,27.68572952829622,0.0,0.0,1.0,1.0,0.8594627499943899,2228,2228,1285,2189,39,0,0,33,9726,0,0.14638888888889318,1240,0.1567500000000003,396,0.17937500000000223,738,0.1801666666666661,276,IFP
IFP,20361268,100.53263998254823,105.4036632081652,98.98795513983006,1.4722126539119242,1.7198851961123753,4.223256258123673,3.62099267988219,157.43849950441046,62.06558435258498,0.0,0.0,1.0,1.0,0.8802362127325619,2204,2203,1350,2193,11,0,0,8,9875,0,0.15193750000000456,1287,0.16862500000000033,426,0.17815972222222443,733,0.19452777777777702,298,IFP
IFP,20369187,53.23018022755854,52.66452354470326,53.434124473758054,0.7924873037133136,1.8362565279776542,4.0909263595239524,3.4933521753149384,82.15782681026425,33.06746456982589,0.0,0.0,1.0,1.0,0.8764104534966948,2212,2211,1332,2200,12,0,0,8,9800,0,0.14686111111111544,1244,0.156354166666667,395,0.18302083333333563,753,0.19387499999999924,297,IFP
IFP,20377106,40.90653043889637,39.25341903974737,41.410515694078896,0.57016751694263,1.8926965327649616,3.598638887949461,3.1998267773034756,62.60249114389734,25.509965377055842,0.0,0.0,1.0,1.0,0.8559032196084548,2174,2173,1307,2170,4,0,0,0,9593,0,0.14284722222222637,1210,0.15279166666666696,386,0.17548611111111326,722,0.19452777777777702,298,IFP
IFP,20385025,51.48770021750015,53.199903731665046,50.87963772255527,0.7776111245921289,1.7304979329423469,3.448231894662764,2.995186281155815,82.71867132959935,32.2970043651186,0.0,0.0,1.0,1.0,0.8595858426122364,2238,2237,1300,2217,21,0,0,15,9745,0,0.14414583333333753,1221,0.15120833333333364,382,0.17743055555555776,730,0.19974999999999918,306,IFP
IFP,20392944,46.290710682769856,43.629123596854036,47.244318339911786,0.6734656399051467,1.6200914879815767,3.630378505994237,3.101502625386923,73.3073697764191,28.87041076760104,0.0,0.0,1.0,1.0,0.8382656235251934,2164,2159,1252,2123,41,0,2,32,9467,0,0.14284722222222637,1210,0.14883333333333362,376,0.1771875000000022,729,0.1821249999999994,279,IFP
IFP,20400863,63.44104245905422,67.98338262048439,62.01322108046129,0.9351472995335336,1.8637925730530382,3.907390402665922,3.4188627713688295,99.97522828047887,39.63087027729866,0.0,0.0,1.0,1.0,0.8785297039558008,2240,2238,1343,2237,3,0,0,0,9882,0,0.14957638888889332,1267,0.161104166666667,407,0.18302083333333563,753,0.18081944444444384,277,IFP
IFP,20408782,61.48857105294393,60.74790538997473,61.723469115746326,0.8780796224058776,1.7106488056396398,3.929782694492289,3.3975395730505658,97.7394026944803,38.20024507524886,0.0,0.0,1.0,1.0,0.8913822718832733,2293,2289,1338,2251,42,0,2,35,10044,0,0.15158333333333787,1284,0.15239583333333365,385,0.17815972222222443,733,0.21802777777777677,334,IFP
IFP,20416701,72.97922406708597,70.77622580663298,73.65141423952456,1.0218294655475895,1.7845795758104162,3.707455716209598,3.2579747411523883,116.41627652633866,45.33952007623304,0.0,0.0,1.0,1.0,0.8704961767057303,2216,2216,1312,2190,26,0,0,21,9750,0,0.14922222222222664,1264,0.14091666666666694,356,0.18180555555555783,748,0.1879999999999993,288,IFP
IFP,20424620,57.367280161207745,56.487185539702445,57.67802962015901,0.8465673984926122,1.6996702198421205,3.604771772355552,3.107261175839305,91.03953453361883,35.89684213978168,0.0,0.0,1.0,1.0,0.8546638747523352,2201,2198,1307,2192,9,0,1,4,9679,0,0.14556250000000426,1233,0.14368750000000027,363,0.18690972222222457,769,0.18408333333333268,282,IFP
IFP,20432539,47.24740796873967,48.40658682861967,46.87347930426225,0.6888905145481539,1.7144349771552356,3.530172085960823,3.0871092577841326,75.72680084257422,29.547071604671167,0.0,0.0,1.0,1.0,0.8591538928903322,2214,2213,1268,2173,41,0,0,35,9620,0,0.1445000000000042,1224,0.14408333333333362,364,0.1752430555555577,721,0.19387499999999924,297,IFP
IFP,20440458,37.685584597723484,35.921456643834645,38.271178528877535,0.53785373803812,1.686278450331285,3.7345569177176183,3.2236137188579392,58.1958693110797,23.48699793299079,0.0,0.0,1.0,1.0,0.8778083268721384,2274,2273,1327,2239,35,0,0,31,9988,0,0.15276388888889347,1294,0.16031250000000033,405,0.18350694444444673,755,0.18669444444444377,286,IFP
IFP,20448377,38.42076253774218,33.460667025189146,40.29695886957247,0.5497520903358997,1.6925252871099608,3.5670223131776613,3.0532840678942517,59.24848027080882,24.039311163585847,0.0,0.0,1.0,1.0,0.8467333753944014,2172,2171,1294,2168,4,0,0,0,9570,0,0.14390972222222642,1219,0.14804166666666696,374,0.1764583333333355,726,0.19974999999999918,306,IFP
IFP,20456296,68.06095127363857,61.67380050576529,70.20694011792403,0.9549313103655077,1.9561990835967469,4.161806452062842,3.6067006119025438,108.46640909790351,42.13447452304792,0.0,0.0,1.0,1.0,0.8614217093798956,2235,2233,1297,2183,52,0,1,45,9849,0,0.14851388888889328,1258,0.16427083333333367,415,0.18180555555555783,748,0.19909722222222143,305,IFP
IFP,20464215,41.87535775077653,39.603588270502506,42.60905305896708,0.5906624236254441,1.546420063821618,3.1442428131837112,2.754076792990642,65.13801292339876,26.000148120253932,0.0,0.0,1.0,1.0,0.8314395836898957,2152,2150,1277,2126,26,0,2,19,9570,0,0.14131250000000406,1197,0.16427083333333367,415,0.18180555555555783,748,0.20758333333333243,318,IFP
IFP,20472134,50.075727053215026,50.63045041645728,49.891381979368255,0.7330152440294074,1.6786501331941357,4.009070724419652,3.4293746354538857,79.97425149821768,31.5456576645966,0.0,0.0,1.0,1.0,0.8469391624543742,2204,2203,1279,2189,15,0,0,10,9574,0,0.1424930555555597,1207,0.15120833333333364,382,0.17329861111111322,713,0.18343055555555493,281,IFP
IFP,20480053,54.7975249351513,48.86521238137851,56.833570559712335,0.7687925323974232,1.791382289761224,4.188527100454694,3.5758416885150655,88.71022426107041,34.63294031565165,0.0,0.0,1.0,1.0,0.8666624550980092,2282,2281,1310,2266,16,0,1,10,9884,0,0.14733333333333767,1248,0.15397916666666697,389,0.1820486111111134,749,0.1879999999999993,288,IFP
IFP,20487972,52.78495782483054,50.25164950503851,53.66001576934383,0.7624126455917809,2.0589370811574166,3.693548074756757,3.2741119508304477,82.42372255080768,32.901706012592435,0.0,0.0,1.0,1.0,0.8682168424342707,2198,2198,1315,2189,9,0,0,2,9794,0,0.146979166666671,1245,0.16664583333333366,421,0.19250000000000247,792,0.18995833333333262,291,IFP
IFP,20495891,62.256412973292726,57.33235445571215,63.92470478053866,0.8815234597825652,1.6800427066391395,4.01312727961869,3.423222256354394,97.79660028136321,38.851916629677284,0.0,0.0,1.0,1.0,0.8899736823810782,2286,2286,1374,2284,2,0,0,0,10067,0,0.15276388888889347,1294,0.15833333333333366,400,0.17621527777777996,725,0.20431944444444358,313,IFP
IFP,20503810,52.732810668749934,55.62126696765611,51.73799490417196,0.7956661807215752,1.7756880073045824,3.455413659201838,3.0244264883669776,81.65269140817675,32.65215145119857,0.0,0.0,1.0,1.0,0.8803176256432883,2241,2241,1355,2225,16,0,0,12,10007,0,0.15063888888889337,1276,0.170604166666667,431,0.18812500000000237,774,0.19909722222222143,305,IFP
IFP,20511729,69.58564576993828,66.2105332034979,70.67244409186898,0.9830568352940151,1.8450680086989517,3.854043109169988,3.3649092075701543,108.99988005231019,43.23330532072931,0.0,0.0,1.0,1.0,0.8729338248188857,2225,2222,1347,2217,8,1,2,1,9868,0,0.1491041666666711,1263,0.14804166666666696,374,0.1849652777777801,761,0.20301388888888805,311,IFP
IFP,20519648,59.79259886119779,58.21289700525931,60.33916237253516,0.8723670768029228,1.801915311891621,3.750286669869045,3.25467822129262,95.44475057857652,37.04749544195815,0.0,0.0,1.0,1.0,0.8842345377566068,2290,2288,1324,2233,57,1,0,49,10114,0,0.15359027777778242,1301,0.16902083333333368,427,0.19006944444444687,782,0.20431944444444358,313,IFP
IFP,20527567,49.01920391354787,48.32654797758029,49.24675514160942,0.7072512372750235,1.7291389557445769,3.837331514689856,3.3152577618903734,76.81800316223595,30.606189509857092,0.0,0.0,1.0,1.0,0.8690687949883249,2226,2225,1314,2208,18,0,0,15,9811,0,0.14839583333333772,1257,0.1508125000000003,381,0.18812500000000237,774,0.1886527777777771,289,IFP
IFP,20535486,38.93302062324947,37.80456330792215,39.309855733993984,0.5610418265766597,1.854917062249266,3.432891845837833,3.0339854687785306,61.421733463750265,24.390911452183317,0.0,0.0,1.0,1.0,0.8575918897264116,2237,2235,1289,2205,32,0,0,26,9726,0,0.1448541666666709,1227,0.15991666666666698,404,0.17694444444444662,728,0.1801666666666661,276,IFP
IFP,20543405,52.60412469955003,49.92426445802975,53.48901392148561,0.7481892233363493,1.8205918835215227,3.854816363678374,3.35250566967473,82.3872163783545,32.80022121715752,0.0,0.0,1.0,1.0,0.879170763030065,2285,2280,1354,2264,21,0,2,13,10085,0,0.15276388888889347,1294,0.1579375000000003,399,0.19177083333333578,789,0.19779166666666587,303,IFP
IFP,20551324,67.05366429632264,66.33410498363584,67.2969685243534,0.9778266291132913,1.8704550571462564,3.9996315266340474,3.4614151338129235,104.1153122698883,41.48188472495302,0.0,0.0,1.0,1.0,0.8841697565990158,2250,2247,1364,2232,18,0,0,14,10044,0,0.15370833333333797,1302,0.16862500000000033,426,0.1796180555555578,739,0.21149999999999905,324,IFP
IFP,20559243,58.26378617909516,60.96596698107141,57.28953051579759,0.8894310827420578,1.8091563742552514,3.9833948416107976,3.407774752099289,93.13020571607257,36.47012065181759,0.0,0.0,1.0,1.0,0.8607491448272789,2221,2221,1296,2200,21,0,0,18,9706,0,0.14438194444444866,1223,0.15358333333333363,388,0.18423611111111343,758,0.1749444444444439,268,IFP
IFP,20567162,43.508190375019595,41.80878486960521,44.05589034212604,0.6173256552349445,1.6087758502500642,4.029138505619159,3.4396613174849024,69.05405319833399,27.439872416021142,0.0,0.0,1.0,1.0,0.8536773832438715,2209,2209,1274,2195,14,0,0,6,9599,0,0.14166666666667074,1200,0.15437500000000032,390,0.18350694444444673,755,0.1729861111111106,265,IFP
IFP,20575081,40.38680027945576,37.03375727056317,41.55598090522156,0.5759253678818379,1.77757873757539,3.5913889860871713,3.1219419909386796,63.16380065025391,25.292845015094926,0.0,0.0,1.0,1.0,0.8408543013846084,2185,2183,1278,2166,19,0,0,15,9580,0,0.1415486111111152,1199,0.15595833333333364,394,0.1796180555555578,739,0.19191666666666593,294,IFP
IFP,20583000,51.222211137225116,50.20848009126779,51.53998380121412,0.7264168743589865,1.7525574820759449,3.80978617781418,3.317497562475287,79.12224451173716,31.79226885602189,0.0,0.0,1.0,1.0,0.8683502620155186,2220,2219,1335,2204,16,0,0,10,9877,0,0.14768750000000436,1251,0.156354166666667,395,0.18690972222222457,769,0.21345833333333236,327,IFP
IFP,20590919,43.662080299525066,40.808935799195524,44.61253958198779,0.6187880525808138,1.6699674195343546,3.615198588149405,3.1259894645142294,67.83099558714684,27.152343440229252,0.0,0.0,1.0,1.0,0.8434476953935741,2180,2179,1287,2153,27,0,0,20,9627,0,0.1460347222222265,1237,0.15437500000000032,390,0.1776736111111133,731,0.19583333333333255,300,IFP
IFP,20598838,49.52610161464645,47.67118624910034,50.15704037480214,0.7152050853947456,1.9346606565312126,4.2025483865283615,3.629036405118257,78.90715599007748,31.124311285910174,0.0,0.0,1.0,1.0,0.871146216601286,2254,2254,1297,2230,24,0,0,20,9818,0,0.14627083333333762,1239,0.15754166666666697,398,0.1820486111111134,749,0.19126388888888818,293,IFP
IFP,20606757,69.14960765362999,62.15325168519903,71.2796457704825,0.9389003533856901,1.7708387866508073,3.883718713204466,3.390682329813692,108.71911608724643,42.68494591907719,0.0,0.0,1.0,1.0,0.885646086147316,2270,2267,1349,2228,42,0,1,36,10050,0,0.1533541666666713,1299,0.156354166666667,395,0.184479166666669,759,0.20301388888888805,311,IFP
IFP,20614676,84.37273245053052,82.72500173476061,84.89361576917035,1.1998527902828986,1.8797014771977865,4.077816184844041,3.549709812286657,133.8819107766126,51.771928321778304,0.0,0.0,1.0,1.0,0.923266547740104,2361,2360,1386,2294,67,0,0,59,10521,0,0.159611111111116,1352,0.17812500000000037,450,0.20173611111111375,830,0.20954166666666574,321,IFP
IFP,20622595,56.115282129651575,56.674660980347916,55.918725421584995,0.8360378810506344,1.8004800591588692,4.109559176079997,3.5104577341347616,88.55107328171724,34.96770953685646,0.0,0.0,1.0,1.0,0.8788060476276796,2275,2274,1335,2246,29,0,0,22,10051,0,0.15158333333333787,1284,0.16743750000000035,423,0.18934027777778017,779,0.20105555555555474,308,IFP
IFP,20630514,53.06591494422435,51.47479431808393,53.60541038994273,0.7680655732765905,1.6504671309015058,3.540631388665656,3.0640185418099337,83.49488403865925,32.98219294764452,0.0,0.0,1.0,1.0,0.8672800770017896,2205,2205,1306,2180,25,0,0,20,9737,0,0.14733333333333767,1248,0.161104166666667,407,0.17694444444444662,728,0.1925694444444437,295,IFP
IFP,20638433,68.49201336808571,65.05232312954166,69.61863056679299,0.9720158565663614,1.6850873583655608,3.8501499281785723,3.316700396085655,107.55700170025266,42.61561635022906,0.0,0.0,1.0,1.0,0.8728062074234666,2221,2216,1341,2213,8,0,2,1,9839,0,0.14957638888889332,1267,0.14883333333333362,376,0.18180555555555783,748,0.20497222222222136,314,IFP
IFP,20646352,55.82297514082801,50.87285075495193,57.49596155661078,0.7864513281469602,1.8438709177231705,3.988929536853824,3.4483899645396776,88.58297336683916,34.70576223388165,0.0,0.0,1.0,1.0,0.8720156516184516,2258,2258,1310,2213,45,0,0,38,9932,0,0.14827777777778217,1256,0.15041666666666698,380,0.1934722222222247,796,0.2017083333333325,309,IFP
IFP,20654271,38.612788280872444,40.46153721692421,38.00841099473391,0.5709861974342574,1.7652677516856963,3.4893604823669047,3.065912740942273,61.11442728893299,24.322181135836352,0.0,0.0,1.0,1.0,0.865181044331786,2221,2219,1282,2204,17,0,0,8,9674,0,0.1448541666666709,1227,0.15952083333333364,403,0.1771875000000022,729,0.1879999999999993,288,IFP
IFP,20662190,88.70942651480863,92.22789373555703,87.54076305259785,1.3141351530705698,1.9749771475390432,4.471593250345656,3.846887364320659,138.9220761562469,54.95942788822354,0.0,0.0,1.0,1.0,0.9022419401531623,2264,2262,1377,2254,10,0,1,2,10134,0,0.15193750000000456,1287,0.168229166666667,425,0.19565972222222475,805,0.2082361111111102,319,IFP
IFP,20670109,62.71983075958693,54.533750005965885,65.43083687834651,0.8618415235206041,1.8104753763396484,4.025635140509402,3.4755159237778934,98.76847331367313,39.1642824421052,0.0,0.0,1.0,1.0,0.894081663018701,2264,2263,1355,2259,5,0,0,0,10000,0,0.1500486111111156,1271,0.165854166666667,419,0.18156250000000226,747,0.20236111111111027,310,IFP
IFP,20678028,20.80409174469287,21.606661914055007,20.530615831928657,0.3106501574496512,1.5696208508110494,3.046136934642553,2.6691984139464995,30.950918342940504,13.063550430668638,0.0,0.0,1.0,1.0,0.8155413993751065,2128,2127,1236,2109,19,0,0,14,9309,0,0.13918750000000396,1179,0.14685416666666695,371,0.1735416666666688,714,0.1879999999999993,288,IFP
IFP,20685947,71.55184681192986,68.87023505146594,72.43839487785269,1.0240543391328176,1.7822326683066732,3.9613315093673487,3.417753054504607,113.58322511272075,44.688201801389255,0.0,0.0,1.0,1.0,0.8914225727589888,2278,2277,1364,2274,4,0,0,0,10013,0,0.151819444444449,1286,0.15516666666666698,392,0.17791666666666886,732,0.19844444444444365,304,IFP
IFP,20693866,65.73167899990271,65.20270349699034,65.91151789370686,0.9613413020399608,1.950567576066381,3.6108923473171046,3.187121258708345,102.73730533506674,40.58764925847482,0.0,0.0,1.0,1.0,0.8706316908389968,2248,2245,1351,2219,29,0,1,24,10037,0,0.1521736111111157,1289,0.15754166666666697,398,0.19298611111111358,794,0.21019444444444352,322,IFP
IFP,20701785,50.46479544380034,48.946308343081206,50.99589191745087,0.737619149290681,1.78096000303131,3.873257246803422,3.3357436628067574,80.9113776824865,31.49706287584987,0.0,0.0,1.0,1.0,0.8684798537699218,2248,2246,1280,2192,56,0,1,50,9840,0,0.14851388888889328,1258,0.1615000000000003,408,0.18520833333333567,762,0.1906111111111104,292,IFP
IFP,20709704,43.04050503681629,43.5366673098278,42.88345070736274,0.6203613339228318,1.748022470826529,3.4145326545099732,3.0122715756898315,68.26593712552027,27.057952065347393,0.0,0.0,1.0,1.0,0.868048349036648,2235,2233,1303,2221,14,0,0,7,9715,0,0.1456805555555598,1234,0.1520000000000003,384,0.1752430555555577,721,0.18277777777777715,280,IFP
IFP,20717623,48.72119984607945,44.335192741775195,50.17072170616049,0.6813270755509924,1.584109099759021,3.5804156050465585,3.084056274330782,78.89478767791695,30.70129127944449,0.0,0.0,1.0,1.0,0.8396223228824813,2205,2204,1263,2182,23,0,1,17,9559,0,0.14261111111111524,1208,0.15120833333333364,382,0.1759722222222244,724,0.1801666666666661,276,IFP
IFP,20725542,65.77491482750712,69.98635112313234,64.38368169042184,0.982592769922672,1.9446301631669722,3.677204842336882,3.2471114800781544,107.32241099993779,41.08737444276098,0.0,0.0,1.0,1.0,0.866460369425368,2275,2272,1298,2227,48,0,1,41,9927,0,0.1475694444444488,1250,0.15991666666666698,404,0.184479166666669,759,0.20562499999999911,315,IFP
IFP,20733461,36.23519541401885,32.33356297675761,37.513398924140006,0.5014299551937095,1.680954827115771,3.5846148409296457,3.1160884722329887,55.54878406308545,22.561825331695953,0.0,0.0,1.0,1.0,0.8476766602789054,2193,2190,1291,2164,29,0,0,18,9701,0,0.14709722222222654,1246,0.16268750000000032,411,0.18399305555555787,757,0.18930555555555487,290,IFP
IFP,20741380,41.99190744277715,40.72673094051494,42.38361963234617,0.5906421074100693,1.6834055748352432,3.611514521326215,3.1541164135820066,64.20301040000004,25.92521417052968,0.0,0.0,1.0,1.0,0.8568395616760985,2193,2192,1304,2153,40,0,0,35,9766,0,0.14839583333333772,1257,0.16070833333333365,406,0.1849652777777801,761,0.19452777777777702,298,IFP
IFP,20749299,52.29068513610125,51.290437016151444,52.647829689878954,0.7731322953984932,1.721339735441606,4.402279921280247,3.6961394259031044,82.44459804008633,32.825316100347834,0.0,0.0,1.0,1.0,0.867252592194943,2241,2240,1315,2231,10,0,0,2,9833,0,0.14733333333333767,1248,0.14685416666666695,371,0.19006944444444687,782,0.19779166666666587,303,IFP
IFP,20757218,56.0811296710848,55.44841671333505,56.283230361763486,0.8029315141623057,1.6133469323657035,3.9803120645532215,3.407797032580067,92.02899727438266,35.38504580745603,0.0,0.0,1.0,1.0,0.8463050524997195,2217,2216,1251,2181,36,0,0,29,9591,0,0.1423750000000041,1206,0.15595833333333364,394,0.17670138888889106,727,0.18538888888888824,284,IFP
IFP,20765137,40.894429257526056,38.69763387573874,41.67175685415849,0.5936407681901767,1.8257865431201714,3.723106318406036,3.227225621401498,62.0725694174839,25.30663370677811,0.0,0.0,1.0,1.0,0.8690965065992728,2223,2223,1335,2200,23,0,0,19,9899,0,0.15111111111111564,1280,0.1472500000000003,372,0.18885416666666907,777,0.20758333333333243,318,IFP
IFP,20773056,46.50553220225037,48.86856204014033,45.68587827042108,0.7021807930121212,1.8573511987664972,3.7214212354290166,3.243496670963119,74.35196492936767,29.30138637882947,0.0,0.0,1.0,1.0,0.8655013938713353,2274,2270,1313,2256,18,0,3,11,9864,0,0.14709722222222654,1246,0.15833333333333366,400,0.17184027777777985,707,0.20497222222222136,314,IFP
IFP,20780975,43.47822622993845,43.690565276333395,43.40663101478043,0.6377375348372577,1.7039994221446217,4.218924727843511,3.5834690022056903,69.22812242307731,27.332046690302583,0.0,0.0,1.0,1.0,0.8499163221344513,2245,2244,1272,2205,40,0,0,34,9687,0,0.14591666666667094,1236,0.13972916666666693,353,0.17378472222222435,715,0.19583333333333255,300,IFP
IFP,20788894,32.606889099955254,29.374858146960058,33.71221570292764,0.4588703495111737,1.5615533288857237,3.1850370049261856,2.772664721080668,50.44499406536823,20.417885498845227,0.0,0.0,1.0,1.0,0.8441231046080274,2186,2185,1284,2170,16,0,0,10,9576,0,0.14426388888889308,1222,0.15595833333333364,394,0.17305555555555766,712,0.18473611111111046,283,IFP
IFP,20796813,30.43424491462562,27.654145992425015,31.368483413512802,0.4275095319536393,1.4562272637573797,3.207184165939956,2.764141482862071,46.01535903516977,18.954976275037897,0.0,0.0,1.0,1.0,0.8353586843613982,2148,2146,1284,2135,13,1,0,7,9498,0,0.1448541666666709,1227,0.15477083333333364,391,0.17232638888889099,709,0.18669444444444377,286,IFP
IFP,20804732,54.49063132142759,54.415566796339085,54.51599095828182,0.7976212130089868,1.7890620702155868,3.5885784223583195,3.1356165630478374,85.47261086117588,33.94725908341654,0.0,0.0,1.0,1.0,0.8644075919294787,2191,2189,1309,2178,13,1,1,5,9687,0,0.1481597222222266,1255,0.1531875000000003,387,0.17864583333333556,735,0.18930555555555487,290,IFP
IFP,20812651,65.4696480829792,64.37272558687597,65.85238722730298,0.9618573594866245,1.6937073912345695,4.0279825881072195,3.42359957808471,102.38017325204058,40.55613506399273,0.0,0.0,1.0,1.0,0.8885466528308831,2273,2271,1364,2250,23,0,0,19,10081,0,0.1539444444444491,1304,0.1508125000000003,381,0.1832638888888912,754,0.2193333333333323,336,IFP
IFP,20820570,37.83626427006963,33.800088445942656,39.17995962639941,0.5263528964258135,1.6467096766125862,3.742437474739887,3.220467817153874,57.41025940001051,23.476106711361492,0.0,0.0,1.0,1.0,0.8365349214012662,2138,2136,1275,2114,24,0,0,18,9398,0,0.1436736111111153,1217,0.1322083333333336,334,0.17305555555555766,712,0.18147222222222162,278,IFP
IFP,20828489,44.35845157491507,39.03013171566265,46.01782391437514,0.6013666059795728,1.6071522053099403,3.5291809947716706,3.0714288508906704,70.35084922995686,27.6633523441724,0.0,0.0,1.0,1.0,0.8414177448598688,2175,2175,1253,2135,40,0,0,35,9532,0,0.14284722222222637,1210,0.15437500000000032,390,0.1825347222222245,751,0.17820833333333277,273,IFP
IFP,20836408,71.18138169886106,63.91514422352541,73.50021059122692,0.979738579572498,1.8848079398492459,4.220418574260354,3.655788349527606,109.98806894400502,43.950126259013814,0.0,0.0,1.0,1.0,0.8888230765535587,2245,2242,1368,2228,17,0,1,11,10008,0,0.1530000000000046,1296,0.1508125000000003,381,0.18642361111111347,767,0.20562499999999911,315,IFP
IFP,20844327,38.23100182541501,33.72622905459933,39.67328395131949,0.5230741449814802,1.5833073735938639,3.335855794392913,2.911163329605418,59.56591628431627,23.939658467165533,0.0,0.0,1.0,1.0,0.8563940791678313,2217,2216,1308,2206,11,0,0,8,9723,0,0.14674305555555986,1243,0.15041666666666698,380,0.18302083333333563,753,0.17886111111111053,274,IFP
IFP,20852246,42.94292168308099,41.341449930580396,43.492605097498064,0.6219565902488727,1.7459684707315148,3.2036542991577583,2.830616479365785,66.28212656991107,26.542025737940655,0.0,0.0,1.0,1.0,0.8399041858375913,2157,2157,1287,2125,32,0,0,26,9609,0,0.14615277777778207,1238,0.16387500000000033,414,0.1752430555555577,721,0.19909722222222143,305,IFP
IFP,20860165,46.69214931992439,48.989539081255536,45.903620366591795,0.7020523745133757,2.060857393992856,3.933586884377278,3.4559895097728415,72.97860492922693,29.20436535001384,0.0,0.0,1.0,1.0,0.8605208528479404,2189,2188,1287,2172,17,0,1,13,9592,0,0.14520833333333757,1230,0.15872916666666698,401,0.16868055555555758,694,0.18669444444444377,286,IFP
IFP,20868084,49.33582668070199,49.94805917785293,49.14321005569255,0.7099713335586908,1.6970906417947929,3.5307013105258105,3.0910685432731966,75.20538810938996,30.391343889337787,0.0,0.0,1.0,1.0,0.8685258094393471,2198,2198,1339,2177,21,0,0,15,9870,0,0.14981250000000446,1269,0.162291666666667,410,0.19031250000000244,783,0.19713888888888811,302,IFP
IFP,20876003,65.05913541851706,61.577268880811225,66.1713686902183,0.9148564540015359,1.788539641052005,3.9246773772815198,3.395454064251685,104.31147102652147,40.17360739748085,0.0,0.0,1.0,1.0,0.8597559942478459,2223,2220,1273,2152,71,0,0,68,9804,0,0.14745138888889323,1249,0.15516666666666698,392,0.1856944444444468,764,0.21411111111111014,328,IFP
IFP,20883922,47.041402633149644,44.77989920771109,47.830463018349406,0.68158147563404,1.7672455497533026,3.8365592510089845,3.300141215904883,73.34961137153527,29.44465291608377,0.0,0.0,1.0,1.0,0.8457786423814605,2170,2168,1291,2165,5,0,0,2,9551,0,0.14438194444444866,1223,0.14883333333333362,376,0.1747569444444466,719,0.1932222222222215,296,IFP
IFP,20891841,41.755703871115564,41.08483786628119,41.98534015638894,0.6098893947947868,1.7162716315563706,3.5860498475566467,3.1071420756110717,64.4445526326843,26.062916359119303,0.0,0.0,1.0,1.0,0.860298985540343,2202,2202,1317,2196,6,0,0,0,9684,0,0.14509027777778202,1229,0.14883333333333362,376,0.1771875000000022,729,0.19387499999999924,297,IFP
IFP,20899760,30.5994617541796,31.594147709703094,30.274299782417565,0.4495864056035473,1.8296532636661278,3.1928412634667467,2.8576310995813485,46.0185605281406,19.07453002230025,0.0,0.0,1.0,1.0,0.8402307637666535,2136,2135,1285,2131,5,0,0,1,9520,0,0.1436736111111153,1217,0.15477083333333364,391,0.1788888888888911,736,0.20758333333333243,318,IFP
IFP,20907679,55.306521851208664,57.603583678096925,54.50735668095459,0.8325882857623118,1.7591530751629825,3.7598294963585963,3.2455775188850646,86.4572808684053,34.15006683025419,0.0,0.0,1.0,1.0,0.8591459843285371,2205,2202,1301,2158,47,0,2,39,9765,0,0.14827777777778217,1256,0.14447916666666696,365,0.19006944444444687,782,0.19452777777777702,298,IFP
IFP,20915598,31.39592587221369,28.93551243445311,32.21026579537995,0.44151910990095206,1.6324944024701438,3.22185422426462,2.827576619147012,47.245138514381274,19.537548822522385,0.0,0.0,1.0,1.0,0.8147207718588467,2077,2076,1252,2071,6,0,0,0,9216,0,0.13954166666667064,1182,0.14012500000000028,354,0.17572916666666882,723,0.186041666666666,285,IFP
IFP,20923517,46.955311955747455,45.659904534609815,47.383076533738546,0.6746625226912889,1.5492572086037466,3.6541590139311713,3.131848587838983,77.01700696134556,29.85846313914928,0.0,0.0,1.0,1.0,0.8650370245289846,2288,2285,1295,2276,12,0,0,8,9844,0,0.14497222222222644,1228,0.16427083333333367,415,0.17791666666666886,732,0.18538888888888824,284,IFP
IFP,20931436,48.96249010360498,49.806192484541484,48.694412129589296,0.7082586331756753,1.778311976000196,3.6576549958919413,3.204315981973686,76.7810983672261,30.494843699739413,0.0,0.0,1.0,1.0,0.8593359209640834,2199,2193,1293,2169,30,0,4,21,9688,0,0.14509027777778202,1229,0.1472500000000003,372,0.18666666666666903,768,0.19909722222222143,305,IFP
IFP,20939355,68.89479730684562,66.52606665685887,69.6480338315276,0.9753916494555607,1.8322737651937606,3.829562282372833,3.34764522503628,110.91180334573251,43.25541801298248,0.0,0.0,1.0,1.0,0.8646327841454072,2210,2209,1303,2205,5,0,0,1,9713,0,0.1445000000000042,1224,0.17693750000000036,447,0.1747569444444466,719,0.18343055555555493,281,IFP
IFP,20947274,32.33860391846459,28.829737959762433,33.45603617059407,0.4435761438851677,1.783690487270256,3.5389744743034344,3.1159267668295394,49.04000697895496,20.20457466983682,0.0,0.0,1.0,1.0,0.8432188652369322,2171,2170,1286,2157,14,0,0,8,9528,0,0.14509027777778202,1229,0.13854166666666692,350,0.17500000000000215,720,0.1906111111111104,292,IFP
IFP,20955193,42.0150212176185,35.51816519733397,44.18063989104667,0.5721137092968248,1.730033451257838,3.7444792834304734,3.24226545200538,63.31451458600185,25.940067786663594,0.0,0.0,1.0,1.0,0.8566093838747071,2165,2162,1313,2144,21,0,0,13,9643,0,0.1448541666666709,1227,0.1555625000000003,393,0.18302083333333563,753,0.18930555555555487,290,IFP
IFP,20963112,49.61117678131714,51.95139134862442,48.872307849680666,0.7250879548811633,1.8528817834742362,4.218792719576918,3.6507633233366747,76.32782858508637,30.765133384687573,0.0,0.0,1.0,1.0,0.8693297059146162,2246,2245,1336,2217,29,1,0,23,9970,0,0.151819444444449,1286,0.16387500000000033,414,0.18302083333333563,753,0.20497222222222136,314,IFP
IFP,20971031,46.19360445241761,46.0019262340392,46.2537525624582,0.6596329268683827,1.7514769095640357,3.8836957001939183,3.3731505048505217,71.98422334184166,28.940013163176175,0.0,0.0,1.0,1.0,0.848162793176218,2156,2155,1280,2152,4,0,0,0,9441,0,0.14261111111111524,1208,0.14329166666666696,362,0.17135416666666875,705,0.18343055555555493,281,IFP
IFP,20978950,97.63900145016089,104.44137982402167,95.32354656889822,1.476725150745503,1.8069462460353864,4.3444215629397975,3.7025007238419554,154.12259915256712,60.527871241360366,0.0,0.0,1.0,1.0,0.9182104255968485,2354,2352,1428,2343,11,0,0,6,10526,0,0.1609097222222272,1363,0.17377083333333368,439,0.20416666666666924,840,0.19648611111111033,301,IFP
IFP,20986869,29.12715664503603,28.025950876597964,29.53155424361498,0.4309170912202246,1.7542347232479847,3.467783195261525,3.0103164961271585,44.023530779584156,18.213896217603597,0.0,0.0,1.0,1.0,0.8495033321928998,2197,2195,1293,2178,19,0,0,15,9623,0,0.14497222222222644,1228,0.1484375000000003,375,0.1771875000000022,729,0.18473611111111046,283,IFP
IFP,20994788,51.67569299534548,48.906281957031275,52.63762686650281,0.7458295187668497,1.7887224376083035,3.5465993323891998,3.0916855033883928,80.96967009455773,32.20411872580891,0.0,0.0,1.0,1.0,0.8604070893574096,2194,2191,1308,2180,14,0,1,8,9723,0,0.14721527777778212,1247,0.15160416666666696,383,0.1825347222222245,751,0.20758333333333243,318,IFP
IFP,21002707,61.44340787117959,62.39982407195836,61.11551032661647,0.9103101499506321,1.7933779076729026,3.652057764495446,3.174896672219766,99.23433114727118,38.53086066360336,0.0,0.0,1.0,1.0,0.8503217483107889,2233,2232,1300,2213,20,0,0,15,9670,0,0.14473611111111534,1226,0.14764583333333361,373,0.17184027777777985,707,0.1749444444444439,268,IFP
IFP,21010626,46.33758110378951,41.74181265758952,47.880604809156175,0.6484481348494641,1.589480142702704,3.2029917673872337,2.7968944596014644,72.59380628824286,28.872486237925518,0.0,0.0,1.0,1.0,0.8581344383803207,2227,2225,1327,2212,15,0,1,8,9897,0,0.14709722222222654,1246,0.17258333333333367,436,0.18788194444444684,773,0.2036666666666658,312,IFP
IFP,21018545,64.549540802536,61.123091898670936,65.81694476511807,0.9505144440861101,1.7544128408665718,3.5854193247819794,3.0916647673216446,100.58394814729898,39.94085882092225,0.0,0.0,1.0,1.0,0.8779916634257702,2225,2225,1352,2211,14,0,0,9,9956,0,0.15111111111111564,1280,0.16347916666666698,413,0.1934722222222247,796,0.18734722222222155,287,IFP
IFP,21026464,44.27205112381498,39.2351232995396,45.9500101203937,0.6140418672109539,1.8119558120566086,4.123879784838959,3.542002290565648,68.48734749206129,27.609442803708237,0.0,0.0,1.0,1.0,0.8669356939230002,2227,2225,1310,2201,26,0,0,20,9840,0,0.14886805555555996,1261,0.156354166666667,395,0.18642361111111347,767,0.20236111111111027,310,IFP
IFP,21034383,49.61151271010664,45.217664816110876,50.94526653828405,0.6766687420652124,1.6443525914048267,3.490838876769394,3.060880878913746,77.56734674277777,30.900775698593876,0.0,0.0,1.0,1.0,0.8636492850311543,2217,2216,1322,2203,14,0,0,8,9759,0,0.14615277777778207,1238,0.14962500000000029,378,0.1796180555555578,739,0.19779166666666587,303,IFP
ALT,20250402,49.73417695583201,6.861178107802674,64.30048479561782,0.4579504469493752,3.303950573268217,61.20759484468613,46.51787796609879,5.474286348533308,31.416721247939066,0.0,0.17054714784633296,1.0,0.829452852153667,0.8875219656351832,2317,2302,1340,2295,22,0,14,2,10029,0,0.1478055555555599,1252,0.171791666666667,434,0.17743055555555776,730,0.1932222222222215,296,ALT
ALT,20258321,49.65543021777036,6.161067991104581,64.47592503899601,0.4529405403732054,3.127768679024141,61.602823231815364,46.74204874144158,4.917096096099226,31.301168679316845,0.0,0.1775644871025795,1.0,0.8224355128974206,0.861535536021312,2243,2235,1308,2231,12,0,7,0,9733,0,0.1445000000000042,1224,0.14131250000000029,357,0.18229166666666893,750,0.1906111111111104,292,ALT
ALT,20266240,46.75443963030092,5.875829939283873,60.36455525352028,0.4263117395279295,3.3384918651123225,57.577227448666314,44.077383287534595,5.0890366643611635,29.427216677614897,0.0,0.16686251468860164,1.0,0.8331374853113984,0.8963031778886196,2281,2266,1364,2258,23,0,14,2,10103,0,0.1533541666666713,1299,0.15991666666666698,404,0.19274305555555804,793,0.20497222222222136,314,ALT
ALT,20274159,41.3097062336767,5.9892205422168505,54.02767658675593,0.38388804810695804,3.1123059516499323,51.15103537042025,38.43997893391723,4.998837505596771,26.128551050712094,0.0,0.1472205253512523,1.0,0.8527794746487477,0.8531791352646292,2234,2226,1297,2221,13,0,5,0,9687,0,0.1424930555555597,1207,0.16070833333333365,406,0.1752430555555577,721,0.186041666666666,285,ALT
ALT,20282078,52.537211207387756,6.119491464153097,69.30533484669024,0.4784095314918715,3.435344338218296,66.47385509725984,49.73919120554412,4.730750414989395,32.92597761720882,0.0,0.20489844683393071,1.0,0.7951015531660692,0.8945498861058848,2293,2279,1359,2276,17,0,12,0,10050,0,0.15016666666667114,1272,0.14645833333333363,370,0.19517361111111362,803,0.19583333333333255,300,ALT
ALT,20289997,52.135292992397346,7.061770918288001,67.42760042012222,0.47918424380877606,3.1850486706605547,63.78819182333008,48.470913883644386,6.418213224767849,32.62166493346584,0.0,0.17647058823529413,1.0,0.8235294117647058,0.8747574287223919,2206,2184,1321,2179,27,0,20,0,9779,0,0.14721527777778212,1247,0.15872916666666698,401,0.18909722222222464,778,0.19974999999999918,306,ALT
ALT,20297916,36.21690373761567,6.768374428341625,46.352844987273606,0.34513503091670245,3.340681760309014,42.945856635273756,32.83236008717515,5.863160647700607,22.679610568305623,0.0,0.09369259032455603,1.0,0.906307409675444,0.867137723057106,2210,2193,1324,2187,23,0,15,0,9770,0,0.14851388888889328,1258,0.16783333333333367,424,0.17913194444444666,737,0.186041666666666,285,ALT
ALT,20305835,23.717523309252453,4.8964007270198096,29.706062312690108,0.2271932733436026,2.620862623059058,27.021250150735412,21.122504676820167,4.3660510047614505,14.914231235548183,0.0,0.04659717964438995,1.0,0.9534028203556101,0.8328874569454505,2153,2151,1266,2146,7,0,0,0,9455,0,0.14013194444444846,1187,0.15833333333333366,400,0.17791666666666886,732,0.186041666666666,285,ALT
ALT,20313754,36.66603270968751,5.603300949495063,46.705951367892546,0.33976746123992635,3.015631604244184,44.07118031354525,34.03332930327118,4.461388464574583,23.079828862452356,0.0,0.10291493158834028,1.0,0.8970850684116597,0.8655376566077699,2237,2225,1309,2223,14,0,11,0,9757,0,0.1448541666666709,1227,0.1567500000000003,396,0.18107638888889113,745,0.19126388888888818,293,ALT
ALT,20321673,43.10337635588928,6.55665616236313,56.11779980241378,0.4022381497405859,3.347314110029265,53.27851263544196,40.16808620698165,4.929111155974713,26.888298394026055,0.0017730496453900709,0.1351010101010101,0.99822695035461,0.8648989898989898,0.8448623752326277,2164,2148,1299,2144,20,1,14,1,9559,0,0.14379166666667084,1218,0.14962500000000029,378,0.1825347222222245,751,0.186041666666666,285,ALT
ALT,20329592,43.90142370714273,6.155025479347643,56.17128802211002,0.4035935836080573,3.040207743421035,53.28950097850529,40.9676597020808,5.289967435431522,27.673969961318985,0.0,0.1105072463768116,1.0,0.8894927536231884,0.8481897429095715,2228,2194,1303,2189,39,0,31,0,9647,0,0.14556250000000426,1233,0.1555625000000003,393,0.16868055555555758,694,0.186041666666666,285,ALT
ALT,20337511,32.50998763083223,4.855548433161868,42.0226988586023,0.3019852825856749,2.757732493772907,39.87239090365905,30.40401382790278,4.291062715420832,20.76089589070253,0.0,0.08733624454148471,1.0,0.9126637554585153,0.8308361866843592,2171,2152,1260,2145,26,0,17,1,9360,0,0.14048611111111514,1190,0.15041666666666698,380,0.16722222222222421,688,0.15862499999999966,243,ALT
ALT,20345430,55.64256053763142,7.113088214706489,70.56373280388053,0.5055061827209486,3.383104388504413,66.83384527634936,51.89589058302264,6.533671096023602,34.91687801409538,0.0019047619047619048,0.15835777126099707,0.9980952380952381,0.841642228739003,0.8795603202065294,2255,2230,1334,2224,31,0,24,1,9875,0,0.1500486111111156,1271,0.15160416666666696,383,0.1808333333333356,744,0.20040277777777696,307,ALT
ALT,20353349,36.361002025737086,6.5078169590722466,46.90606555082363,0.3454763690242469,3.5649254278970623,44.42281252353682,33.76746168623686,4.5059511649901935,22.875769949149916,0.0017421602787456446,0.10141364474492932,0.9982578397212544,0.8985863552550707,0.8595448857922441,2228,2201,1305,2199,29,0,26,0,9672,0,0.14461805555555976,1225,0.15516666666666698,392,0.17694444444444662,728,0.177555555555555,272,ALT
ALT,20361268,78.25407584644076,7.034794521877822,100.93810174909602,0.6946018144062471,3.1427314725063478,97.11386992687912,74.48565394286388,6.012870719337749,48.41821564758227,0.0,0.2788749251944943,1.0,0.7211250748055057,0.8803299137372842,2204,2201,1353,2194,10,0,2,1,9868,0,0.15170138888889342,1285,0.168229166666667,425,0.17791666666666886,732,0.19452777777777702,298,ALT
ALT,20369187,44.005644664279195,6.648930125276687,57.55207704042739,0.41094932149174696,3.1721241702706404,54.32500438962916,40.724465456532926,5.440287571959248,27.401972987830614,0.0,0.12669962917181707,1.0,0.8733003708281829,0.8766032178244625,2212,2204,1337,2202,10,0,5,0,9781,0,0.14627083333333762,1239,0.15595833333333364,394,0.18229166666666893,750,0.19191666666666593,294,ALT
ALT,20377106,34.183268429894525,5.88708024249107,42.82033490250956,0.3192788092129469,2.9607799205093706,39.81770869640788,31.197395704623148,4.934621687541765,21.33564099895659,0.0,0.0655048076923077,1.0,0.9344951923076923,0.8554006655783452,2174,2172,1306,2168,6,0,0,0,9588,0,0.1427291666666708,1209,0.15279166666666696,386,0.17548611111111326,722,0.19452777777777702,298,ALT
ALT,20385025,40.81528531767628,6.239289508619158,53.228807972059485,0.38133420642272364,3.272436710350403,49.704915258793164,37.392482744824065,5.726716775639923,25.646515837397022,0.0,0.12110091743119267,1.0,0.8788990825688073,0.8596651125874075,2238,2225,1312,2222,16,0,11,0,9731,0,0.1436736111111153,1217,0.15120833333333364,382,0.1764583333333355,726,0.19844444444444365,304,ALT
ALT,20392944,37.30108626160785,5.4937708543027135,48.8544160732299,0.34743740518432964,2.8779780395605514,45.845524758064336,34.40362764783924,5.2312978872653,23.532644763531263,0.00528169014084507,0.08498402555910543,0.9947183098591549,0.9150159744408946,0.8377220560869041,2164,2133,1267,2128,36,0,30,1,9411,0,0.14131250000000406,1197,0.14685416666666695,371,0.17451388888889102,718,0.18081944444444384,277,ALT
ALT,20400863,51.28006337454472,6.547181983570895,65.35776428288061,0.4665144247790408,3.191583009750984,62.10288479550574,48.01368208858629,5.409994558079258,32.03878723920369,0.0,0.1509988249118684,1.0,0.8490011750881317,0.8782066992241516,2240,2237,1342,2235,5,0,1,0,9880,0,0.14957638888889332,1267,0.161104166666667,407,0.18302083333333563,753,0.18081944444444384,277,ALT
ALT,20408782,49.226715594239046,6.304346311225161,63.01511859972449,0.4485428926276188,3.011381742325965,60.1034410855412,46.271340212008475,5.551461961190043,31.026681209217255,0.0,0.13861386138613863,1.0,0.8613861386138614,0.8908922475239205,2293,2266,1356,2258,35,1,25,0,10000,0,0.1502847222222267,1273,0.1508125000000003,381,0.17694444444444662,728,0.21606944444444345,331,ALT
ALT,20416701,58.226589764839595,6.799904404893267,74.08085114295066,0.525280270723365,3.033610953103102,71.06282344911956,55.05231364769451,5.544881863064951,36.501091339760926,0.0,0.23767082590612001,1.0,0.76232917409388,0.8704212442504999,2216,2201,1319,2194,22,0,14,3,9708,0,0.1478055555555599,1252,0.13972916666666693,353,0.1808333333333356,744,0.186041666666666,285,ALT
ALT,20424620,45.697016913612465,5.928478717733347,59.77198441592175,0.41955183998791873,3.126778294658991,56.80112656418663,42.78425854475585,4.814160898633638,28.62536621280679,0.0,0.15701970443349753,1.0,0.8429802955665024,0.854488483232102,2201,2198,1307,2192,9,0,2,3,9679,0,0.14556250000000426,1233,0.14368750000000027,363,0.18690972222222457,769,0.18408333333333268,282,ALT
ALT,20432539,38.02756165193282,5.838934594303733,48.5870015037648,0.352954046958662,3.0685313823945415,45.95464382129409,35.36086994202422,4.755923732067669,24.011976970281424,0.0,0.10955569080949483,1.0,0.8904443091905052,0.8590080835954547,2214,2182,1286,2178,36,0,30,2,9552,0,0.14261111111111524,1208,0.14091666666666694,356,0.17256944444444655,710,0.19126388888888818,293,ALT
ALT,20440458,31.56361867852521,5.871397645486058,40.22460563784633,0.30003696041323097,3.257107715894482,37.313753027744,28.73529105892184,5.094267704078262,19.897033648933053,0.0,0.062351543942992874,1.0,0.9376484560570071,0.8778311111657833,2274,2251,1344,2245,29,0,22,1,9949,0,0.15158333333333787,1284,0.15912500000000032,402,0.1820486111111134,749,0.18538888888888824,284,ALT
ALT,20448377,31.504087960142954,5.5174289029597325,41.33375238418874,0.3003900418564462,2.743031796163145,38.34687464069535,28.589027338762296,4.817684965329969,19.711648686173163,0.0,0.08058375634517767,1.0,0.9194162436548223,0.8467333753943999,2172,2171,1294,2168,4,0,0,0,9570,0,0.14390972222222642,1219,0.14804166666666696,374,0.1764583333333355,726,0.19974999999999918,306,ALT
ALT,20456296,54.21286140313711,6.270535196281106,70.78333331473188,0.49203939324723467,3.4523895310318258,68.20204771609616,51.631324628661666,5.299449990208466,34.24533810003588,0.0,0.1780905752753978,1.0,0.8219094247246022,0.8614193192735435,2235,2196,1319,2188,47,0,38,3,9769,0,0.14615277777778207,1238,0.161104166666667,407,0.17864583333333556,735,0.19648611111111033,301,ALT
ALT,20464215,33.873989491593285,5.43445311458478,43.15314083751637,0.3157064081111931,2.3454003455651122,40.531277079595654,31.145703444124667,4.888126941198525,21.282802009965053,0.0,0.08441961514587212,1.0,0.9155803848541278,0.830614249984475,2152,2136,1285,2130,22,0,15,0,9531,0,0.14013194444444846,1187,0.16347916666666698,413,0.1801041666666689,741,0.2062777777777769,316,ALT
ALT,20472134,42.011400037779545,6.893485702854939,53.7316296696545,0.39321863233725535,3.1682898626974056,50.17494484851643,38.466014424776056,6.167064483341612,26.58007507545762,0.0,0.11803874092009685,1.0,0.8819612590799032,0.8464847533331806,2204,2200,1281,2190,14,0,3,2,9563,0,0.14225694444444856,1205,0.1508125000000003,381,0.17305555555555766,712,0.18343055555555493,281,ALT
ALT,20480053,44.391901108718166,5.770085172701332,57.731899253977396,0.40696591870681004,2.9055864963326314,55.02150662548994,41.6719541495239,4.811689812997621,28.186992579766557,0.0,0.1364441819255759,1.0,0.863555818074424,0.8666566433783054,2282,2276,1313,2267,15,0,5,2,9872,0,0.14709722222222654,1246,0.15397916666666697,389,0.18180555555555783,748,0.18734722222222155,287,ALT
ALT,20487972,42.549656646756056,6.590812095174336,55.022466196013184,0.3970144677375599,3.2229130127472394,52.028932832624264,39.48262691721376,5.212938542142159,26.633934637557264,0.0,0.08098159509202454,1.0,0.9190184049079755,0.8678858411775491,2198,2194,1316,2190,8,0,2,0,9779,0,0.14650694444444876,1241,0.16545833333333368,418,0.1922569444444469,791,0.18930555555555487,290,ALT
ALT,20495891,49.73074569067048,6.085369966150665,64.5353390995745,0.45295644605395585,3.3256430583498937,61.18626312263514,46.55658753332767,5.170647584113787,31.034031598302658,0.0,0.14754098360655737,1.0,0.8524590163934427,0.8896545131013494,2286,2286,1372,2282,4,0,0,0,10065,0,0.15276388888889347,1294,0.15833333333333366,400,0.17621527777777996,725,0.20431944444444358,313,ALT
ALT,20503810,42.81462364410929,6.664274566991571,55.36773941559481,0.39973075759538573,3.279390734899071,51.945344148845315,39.40257265040556,5.69152018565544,26.62953745983629,0.0,0.15096618357487923,1.0,0.8490338164251208,0.8802452592021967,2241,2231,1361,2227,14,0,8,0,9982,0,0.14981250000000446,1269,0.17020833333333368,430,0.18763888888889127,772,0.19713888888888811,302,ALT
ALT,20511729,53.721065092620414,6.378260829313228,69.0029607408598,0.48658667356906804,3.4080852458714284,65.60078911283448,50.45164332623969,5.274082282190412,33.38822155897202,0.0018484288354898336,0.18392857142857144,0.9981515711645101,0.8160714285714286,0.8730364573017412,2225,2221,1348,2217,8,1,2,1,9868,0,0.1491041666666711,1263,0.14804166666666696,374,0.1849652777777801,761,0.20301388888888805,311,ALT
ALT,20519648,49.3314786114498,5.794657416312127,64.4169480740379,0.44837461780702303,2.8588625414547524,61.503590964967216,46.36778966009614,5.003366202891076,30.8632982505754,0.0,0.16676628810520025,1.0,0.8332337118947998,0.8842638356280733,2290,2255,1352,2250,40,0,34,0,10031,0,0.1512291666666712,1281,0.164666666666667,416,0.1861805555555579,766,0.19779166666666587,303,ALT
ALT,20527567,40.752423949537,5.8949313311366005,52.30171945930165,0.3762804430692703,3.054155419013732,49.43921955433777,37.91614906806024,4.934184481512421,25.5991555134229,0.0,0.1307738452309538,1.0,0.8692261547690462,0.8692700372757273,2226,2218,1322,2214,12,0,6,0,9794,0,0.1478055555555599,1252,0.15041666666666698,380,0.1873958333333357,771,0.1879999999999993,288,ALT
ALT,20535486,31.934289931285267,6.269030455310005,40.712868962253715,0.3060632220357166,3.211356473628231,38.06322407426464,29.188978780016814,5.059468500328315,20.251869088591516,0.0035460992907801418,0.05996365838885524,0.9964539007092199,0.9400363416111448,0.8575265068101234,2237,2215,1303,2209,28,0,20,0,9688,0,0.1436736111111153,1217,0.15833333333333366,400,0.17572916666666882,723,0.1795138888888883,275,ALT
ALT,20543405,42.34883134225445,5.8941185557753535,54.33657687168867,0.3893714239900778,3.110518462133789,51.22441553949151,39.32823861143387,5.063705337324355,26.50734083623703,0.0,0.12331969608416131,1.0,0.8766803039158387,0.8791240302049893,2285,2273,1359,2267,18,2,9,2,10071,0,0.15229166666667124,1290,0.15714583333333365,397,0.19152777777778024,788,0.19713888888888811,302,ALT
ALT,20551324,51.97158050112568,6.426791911945659,67.43549792252695,0.4738215850332041,3.3120494857182394,64.26331252674997,48.79400179962485,5.191786194065157,32.237728135651295,0.0,0.19940119760479041,1.0,0.8005988023952095,0.884093492231058,2250,2238,1370,2233,17,0,10,0,10021,0,0.1530000000000046,1296,0.167041666666667,422,0.17913194444444666,737,0.2108472222222213,323,ALT
ALT,20559243,46.56411128125656,6.673429333017924,61.07206066391831,0.4325288428952379,3.3972449205000568,57.830901558689,43.32183986183718,5.559785211630948,29.29286001458108,0.0,0.12855377008652658,1.0,0.8714462299134734,0.8608522730189629,2221,2206,1304,2201,20,0,14,0,9672,0,0.14343750000000416,1215,0.1531875000000003,387,0.1832638888888912,754,0.1729861111111106,265,ALT
ALT,20567162,36.53894957329386,5.586358254308018,46.545898121334446,0.3386117467007512,3.0447478938143684,43.94248988958107,33.95475262506792,4.560847923249661,23.15785310937995,0.0,0.0942942942942943,1.0,0.9057057057057057,0.8538456563314399,2209,2203,1279,2198,11,0,5,0,9588,0,0.14143055555555964,1198,0.15358333333333363,388,0.18277777777778006,752,0.17233333333333284,264,ALT
ALT,20575081,32.63312640557267,5.698859447759407,42.09787815897247,0.30898924757682505,3.021718837273344,39.34000209332924,29.90993314127429,4.811708263755726,20.605154571876145,0.005309734513274336,0.06641837368094351,0.9946902654867257,0.9335816263190565,0.8404122521428455,2185,2176,1282,2169,16,0,8,2,9556,0,0.14095833333333738,1194,0.15516666666666698,392,0.17840277777778,734,0.19126388888888818,293,ALT
ALT,20583000,40.67582114863425,6.736776103388401,51.4157692529403,0.37944987645250783,3.0556350075607064,47.58182119272173,36.89312098281192,6.303874642744904,25.347897413425546,0.0,0.11838191552647234,1.0,0.8816180844735276,0.8681814787835573,2220,2212,1341,2209,11,0,6,0,9859,0,0.146979166666671,1245,0.15516666666666698,392,0.18666666666666903,768,0.21215277777777683,325,ALT
ALT,20590919,36.69648555610977,6.1814139355103075,47.03833448824601,0.34492058288957894,3.2175868918551793,43.96915150055006,33.65420581668641,5.223291010585756,22.992612764398668,0.0,0.095856524427953,1.0,0.904143475572047,0.8434854903600197,2180,2165,1299,2161,19,0,12,1,9596,0,0.1448541666666709,1227,0.15358333333333363,388,0.1759722222222244,724,0.1951805555555548,299,ALT
ALT,20598838,42.41825098267433,6.391194811129829,54.75183778014001,0.39423465351718545,3.3116191095075522,51.4441803838663,39.179736965723926,5.62558043855736,26.79327591268917,0.0,0.09538092381523695,1.0,0.904619076184763,0.8710590638276989,2254,2237,1309,2235,19,0,15,0,9786,0,0.1454444444444487,1232,0.156354166666667,395,0.1808333333333356,744,0.18995833333333262,291,ALT
ALT,20606757,53.89487393037346,6.306098298774822,68.61477641044615,0.4863680199091872,3.1833241996951216,65.43244659613471,50.72508360028097,5.36237427151347,33.52851575435051,0.0,0.195906432748538,1.0,0.804093567251462,0.885668909251397,2270,2239,1367,2235,35,1,29,1,9988,0,0.15134722222222674,1282,0.15437500000000032,390,0.1820486111111134,749,0.20040277777777696,307,ALT
ALT,20614676,67.37437438520459,6.560282929732151,87.1223811343712,0.6016558065184155,3.496862292836819,83.97163826667887,64.25288373894834,5.424585785888092,41.900652630309686,0.0,0.2552947910704064,1.0,0.7447052089295936,0.9233925339836269,2361,2314,1418,2309,52,0,44,0,10421,0,0.1563055555555603,1324,0.17416666666666702,440,0.19809027777778035,815,0.20693055555555467,317,ALT
ALT,20622595,44.92172423939844,5.834690617833687,58.750349852804014,0.412467680698167,3.1352361140174207,56.18178937180998,42.30879893648303,4.605673091140117,28.206741877792087,0.0,0.1608643457382953,1.0,0.8391356542617047,0.8787755598785808,2275,2256,1348,2250,25,1,17,0,10020,0,0.15075694444444895,1277,0.16625000000000034,420,0.1886111111111135,776,0.19844444444444365,304,ALT
ALT,20630514,44.694156886320194,5.937195579926513,57.90621727035139,0.410186569645251,3.076717492747222,54.87086150524,41.72129800252494,5.091474719014537,27.95249295523224,0.0,0.13219094247246022,1.0,0.8678090575275398,0.867214998478232,2205,2190,1319,2187,18,0,12,0,9708,0,0.14638888888889318,1240,0.15991666666666698,404,0.17572916666666882,723,0.19191666666666593,294,ALT
ALT,20638433,54.510252358326824,6.103196552414748,70.374749639256,0.49191423361013514,2.9867653194158446,67.57187323106082,51.65875548748765,4.576115339233099,33.91670323814536,0.0,0.18083832335329342,1.0,0.8191616766467066,0.8726465547077484,2221,2216,1340,2212,9,0,4,0,9838,0,0.14957638888889332,1267,0.14883333333333362,376,0.18180555555555783,748,0.20497222222222136,314,ALT
ALT,20646352,44.961438616720066,6.565495607678715,58.123772163350324,0.41658135673269087,3.5084154166162365,55.042141012825894,41.863403995188456,5.248786990345875,28.171556499567806,0.0017574692442882249,0.1503623188405797,0.9982425307557118,0.8496376811594203,0.8715520464806435,2258,2225,1329,2221,37,0,31,2,9858,0,0.1456805555555598,1234,0.1484375000000003,375,0.19079861111111354,785,0.19974999999999918,306,ALT
ALT,20654271,32.968505502931855,5.6532876860754175,41.909226617474516,0.30959009006929117,2.9350855956732538,39.4729229742627,30.454299164782967,4.296365894564545,20.807719999951104,0.0,0.0835838845460012,1.0,0.9164161154539988,0.8650590099150729,2221,2208,1290,2206,15,0,10,0,9660,0,0.14438194444444866,1223,0.15833333333333366,400,0.1764583333333355,726,0.1879999999999993,288,ALT
ALT,20662190,70.84158500823288,6.9827319498298195,92.15306023009049,0.6340273405341209,3.5977259884940107,88.27669808297532,67.0226134536832,6.128304140230257,43.95075251501453,0.0,0.23108747044917258,1.0,0.7689125295508275,0.9016561367265327,2264,2259,1378,2254,10,0,4,0,10127,0,0.15170138888889342,1285,0.168229166666667,425,0.19517361111111362,803,0.2082361111111102,319,ALT
ALT,20670109,51.72832500536659,5.862932450587428,66.91768895102712,0.4675342714284106,3.096947324815251,63.63676046526139,48.60212724169501,5.097022912942736,32.308756217521655,0.0,0.2087007642563198,1.0,0.7912992357436802,0.8937338928184498,2264,2263,1355,2259,5,0,0,0,9999,0,0.1500486111111156,1271,0.165854166666667,419,0.18156250000000226,747,0.20236111111111027,310,ALT
ALT,20678028,17.984340666623435,4.749135355940951,22.547623922596657,0.18030980076475053,2.478692583482993,20.777946320058923,16.090920480926503,3.555624054689809,11.457743716783705,0.0,0.017121116043119847,1.0,0.9828788839568802,0.8154861911710501,2128,2120,1243,2114,14,0,7,2,9293,0,0.13859722222222617,1174,0.14645833333333363,370,0.17232638888889099,709,0.1879999999999993,288,ALT
ALT,20685947,56.19760194524873,6.23352096206875,72.72553271544585,0.5070500339208714,3.1233428780356056,69.55991490362642,52.97996195523645,5.246027328594155,35.09285018854963,0.0,0.21428571428571427,1.0,0.7857142857142857,0.8914253622051667,2278,2276,1364,2273,5,0,0,1,10012,0,0.151819444444449,1286,0.15516666666666698,392,0.17791666666666886,732,0.19844444444444365,304,ALT
ALT,20693866,51.865976783198214,6.22978283186061,67.63974600003463,0.47222103906142915,3.5489424899487503,64.72072444747292,48.96727228492849,4.686575579051403,32.14603772246742,0.0,0.18401937046004843,1.0,0.8159806295399515,0.8706364930745447,2248,2225,1363,2223,25,0,21,0,9996,0,0.1508750000000045,1278,0.15714583333333365,397,0.19128472222222467,787,0.20888888888888799,320,ALT
ALT,20701785,42.63166154732504,5.786192259062637,55.69855508102351,0.39313400200673704,3.2392131370574995,52.81589989323168,39.86626283650353,5.329095075174533,27.02161813027146,0.0,0.1170343137254902,1.0,0.8829656862745098,0.8685610335048136,2248,2209,1308,2204,44,0,37,0,9765,0,0.14615277777778207,1238,0.15872916666666698,401,0.1820486111111134,749,0.1886527777777771,289,ALT
ALT,20709704,34.802145135839304,6.486553948125991,43.82081207996864,0.32919105955691164,2.929668326426869,40.47611337201382,31.405053811470847,5.793498045560807,21.948256573619958,0.0,0.0797872340425532,1.0,0.9202127659574468,0.8680483490366511,2235,2231,1306,2223,12,0,3,2,9712,0,0.14556250000000426,1233,0.1520000000000003,384,0.17500000000000215,720,0.1821249999999994,279,ALT
ALT,20717623,39.391294407366644,5.464168089081119,50.714136442816425,0.36244308252777374,2.812379533770394,47.815828371173495,36.55469140181418,5.002169696803501,24.95597348946116,0.0,0.10353227771010962,1.0,0.8964677222898904,0.8394545707755892,2205,2190,1273,2186,19,0,12,1,9533,0,0.14166666666667074,1200,0.15041666666666698,380,0.17548611111111326,722,0.1795138888888883,275,ALT
ALT,20725542,52.45015998741627,5.9884115423931235,68.02981549225099,0.474679475395861,3.1685073879948815,65.37251568040338,49.75922654959858,5.09344893582182,33.253943407807306,0.0,0.2103386809269162,1.0,0.7896613190730838,0.8664254709328058,2275,2247,1317,2238,37,1,26,1,9867,0,0.14556250000000426,1233,0.1579375000000003,399,0.18229166666666893,750,0.2036666666666658,312,ALT
ALT,20733461,29.87655125466725,5.307340789747859,37.96604649954279,0.2818366995080967,2.9163504704647067,35.18444469868637,27.19523808912667,4.658490992135692,18.76907437728074,0.0,0.05128205128205128,1.0,0.9487179487179487,0.8471877685281772,2193,2177,1300,2172,21,0,15,0,9665,0,0.1456805555555598,1234,0.161104166666667,407,0.18229166666666893,750,0.1879999999999993,288,ALT
ALT,20741380,33.82270670278032,6.227997429446632,42.55542262525604,0.31928445178690407,3.0255140372641334,40.016546806383,31.1441588728305,5.1193548073457515,21.295322471901628,0.0,0.09344660194174757,1.0,0.9065533980582524,0.8568284218085839,2193,2168,1320,2159,34,0,23,0,9705,0,0.1466250000000043,1242,0.15952083333333364,403,0.1825347222222245,751,0.19126388888888818,293,ALT
ALT,20749299,43.199159093972504,5.813356076640111,56.57072367681401,0.3982798805889329,2.972710889222409,53.726974702135564,40.33474945633111,4.8004718003317075,27.169459649097124,0.0,0.15674362089914945,1.0,0.8432563791008505,0.8669721613770897,2241,2236,1316,2232,9,0,2,0,9819,0,0.14686111111111544,1244,0.1460625000000003,369,0.1898263888888913,781,0.19713888888888811,302,ALT
ALT,20757218,46.035783666926015,5.729656753891275,59.081021355052805,0.41865628333801647,2.87528977648435,56.391422655650814,43.29938832281958,4.856890736029859,29.2071400024815,0.0018656716417910447,0.13897280966767372,0.9981343283582089,0.8610271903323263,0.8461940768221026,2217,2191,1268,2188,29,0,23,1,9543,0,0.14072222222222627,1192,0.15477083333333364,391,0.17500000000000215,720,0.18343055555555493,281,ALT
ALT,20765137,32.506914301088,6.429499343800868,41.826015148424126,0.31320949108605833,3.4047528291123927,38.82756159808183,29.50239082564357,5.122221115442582,20.26633441417986,0.0051635111876075735,0.054735547355473556,0.9948364888123924,0.9452644526445264,0.8689803424477904,2223,2207,1346,2203,20,0,14,1,9863,0,0.1500486111111156,1271,0.14527083333333363,367,0.18715277777778014,770,0.20693055555555467,317,ALT
ALT,20773056,37.95836084193742,6.226993231782827,48.977248639735734,0.35644489579195276,3.2041343335439656,45.99889115254175,34.978294484994535,5.13910597899623,23.976135594514723,0.0,0.10429082240762813,1.0,0.8957091775923719,0.8653577343440505,2274,2260,1320,2258,16,0,11,0,9843,0,0.14674305555555986,1243,0.15714583333333365,397,0.17086805555555762,703,0.2036666666666658,312,ALT
ALT,20780975,36.392603253754906,5.73577503831552,46.95942489397019,0.3400278471122685,3.0247414200878127,44.84665900467114,34.16030151460411,4.569086798186823,23.276467269904767,0.0,0.09382566585956416,1.0,0.9061743341404358,0.8494173076581414,2245,2219,1291,2212,33,0,24,1,9634,0,0.14426388888889308,1222,0.13775000000000026,348,0.1715972222222243,706,0.1932222222222215,296,ALT
ALT,20788894,26.563353875894066,5.55172037279795,33.76659951990103,0.256795073618588,2.6386480871274074,31.047229197025096,23.79480853649464,4.797029172296081,16.716559428506088,0.0,0.06300185299567634,1.0,0.9369981470043236,0.8441796300642181,2186,2174,1291,2170,16,0,9,0,9557,0,0.14379166666667084,1218,0.1555625000000003,393,0.17232638888889099,709,0.18343055555555493,281,ALT
ALT,20796813,25.794777531451224,5.485390296682743,32.69206472166451,0.2497221325508943,2.4902405216638352,29.653638776565323,22.758021547761437,5.169576343126262,16.150803515547338,0.0,0.05137844611528822,1.0,0.9486215538847118,0.8350298363657916,2148,2139,1287,2134,14,1,7,0,9484,0,0.14438194444444866,1223,0.15437500000000032,390,0.17208333333333542,708,0.18669444444444377,286,ALT
ALT,20804732,43.75839130480988,5.984122409128898,56.53532326399971,0.4024657774723838,3.2412461708379174,53.75328570660975,41.01546704106729,4.537354919577452,27.336174995508618,0.0,0.14871481028151776,1.0,0.8512851897184822,0.8643005377678421,2191,2185,1311,2180,11,1,4,0,9673,0,0.14768750000000436,1251,0.15279166666666696,386,0.17840277777778,734,0.1879999999999993,288,ALT
ALT,20812651,50.893099694156376,5.894268257144997,66.78457890434419,0.4625671061419518,3.138347455713259,63.987671594466356,48.135034202536,4.688951456016252,31.687246819148207,0.0,0.15757938885560216,1.0,0.8424206111443978,0.8885328140663997,2273,2257,1375,2253,20,0,14,0,10054,0,0.15311805555556016,1297,0.15002083333333363,379,0.1820486111111134,749,0.21802777777777677,334,ALT
ALT,20820570,30.32235841927676,5.500532225613335,38.60672106577652,0.2870971095796088,2.86241117522147,35.67091573538586,27.453343030109284,4.935296494858682,18.969431131264884,0.0,0.05778894472361809,1.0,0.9422110552763819,0.8365247243409185,2138,2124,1284,2118,20,0,12,1,9373,0,0.14284722222222637,1210,0.1310208333333336,331,0.17232638888889099,709,0.18081944444444384,277,ALT
ALT,20828489,36.12520046230565,5.407735505077471,45.87827965649338,0.33362386813013517,2.986686615983171,43.63864448052431,33.83133593364248,4.25396871707594,22.81452448430936,0.0,0.08425584255842558,1.0,0.9157441574415744,0.8408156815668681,2175,2143,1272,2137,38,0,31,1,9472,0,0.14107638888889296,1195,0.15239583333333365,385,0.1808333333333356,744,0.17559722222222168,269,ALT
ALT,20836408,57.82648727667547,6.872382645732482,74.18734314751143,0.5236455934564549,3.277363802588532,70.50314909153491,54.20781115476882,5.979119853784364,35.859794209284864,0.0,0.1959858323494687,1.0,0.8040141676505312,0.8884273761023496,2245,2236,1373,2230,15,0,7,0,9987,0,0.1524097222222268,1291,0.14962500000000029,378,0.18545138888889123,763,0.20431944444444358,313,ALT
ALT,20844327,31.862858752151887,5.4555815514969055,40.349218929741184,0.2986946482646924,2.950335167255525,37.794154881164125,29.342876115866513,4.477637290200894,20.099555213022597,0.00186219739292365,0.08706022659511031,0.9981378026070763,0.9129397734048896,0.8564153643258496,2217,2214,1310,2208,9,0,2,1,9715,0,0.14650694444444876,1241,0.15002083333333363,379,0.18302083333333563,753,0.17886111111111053,274,ALT
ALT,20852246,33.54690463873576,6.049121696156857,43.14764858832688,0.31869390968611944,2.844143879372692,40.34948041461697,30.675206691507235,5.151215937350898,21.024898068677444,0.0,0.07997481108312343,1.0,0.9200251889168766,0.8400220160439897,2157,2140,1301,2133,24,0,15,1,9574,0,0.14532638888889313,1231,0.162291666666667,410,0.17378472222222435,715,0.19779166666666587,303,ALT
ALT,20860165,37.9772669929754,6.621053384257636,48.784411646257986,0.3589042780927681,3.2754026711130537,45.61449344282192,34.782208871243036,5.564680814779937,23.907636684424684,0.0,0.10474430067775724,1.0,0.8952556993222428,0.8605998455179169,2189,2181,1293,2177,12,0,6,1,9570,0,0.1445000000000042,1224,0.15754166666666697,398,0.16819444444444645,692,0.18538888888888824,284,ALT
ALT,20868084,38.58478457715235,5.117962338157183,49.22136977214417,0.3523978287191705,2.726627805415721,46.77692781741369,36.17669580539408,4.146233330736062,23.995331468682046,0.0,0.11665664461815996,1.0,0.8833433553818401,0.868623394359442,2198,2190,1344,2181,17,0,7,3,9849,0,0.14922222222222664,1264,0.1615000000000003,408,0.18958333333333574,780,0.19713888888888811,302,ALT
ALT,20876003,52.426887915037966,6.473463685620629,68.09606542661858,0.4780419696467143,2.896760083516339,64.89332373708332,49.158155297091696,6.092436157253137,32.94036865898798,0.0,0.16079158936301793,1.0,0.839208410636982,0.8595684146715421,2223,2167,1309,2163,60,0,54,0,9697,0,0.14426388888889308,1222,0.15239583333333365,385,0.1820486111111134,749,0.20758333333333243,318,ALT
ALT,20883922,37.889158327278224,5.781431680161049,49.09185422907611,0.3531286874566124,3.1333561151333917,45.85546080769804,34.780819277614405,5.152773583134321,23.72276579638462,0.0,0.09090909090909091,1.0,0.9090909090909091,0.845507620377239,2170,2168,1291,2165,5,1,0,0,9550,0,0.14438194444444866,1223,0.14883333333333362,376,0.1747569444444466,719,0.1932222222222215,296,ALT
ALT,20891841,34.409814766856805,5.800070338872421,44.21486793679026,0.3237589325728863,2.945044642167547,41.00061185115413,31.24898081713848,5.175996321802899,21.492925202733694,0.0,0.10507025045815516,1.0,0.8949297495418449,0.8600518929788954,2202,2201,1316,2194,8,0,0,0,9682,0,0.14509027777778202,1229,0.14883333333333362,376,0.1771875000000022,729,0.19387499999999924,297,ALT
ALT,20899760,25.4719433508439,5.6325755496028584,31.961456183025554,0.2469739664629187,2.7852584700695013,29.428571909879604,22.87693745746728,4.420297220328588,15.945575636909803,0.0,0.04782608695652174,1.0,0.9521739130434783,0.8396603498943489,2136,2135,1284,2130,6,0,0,0,9516,0,0.1436736111111153,1217,0.15477083333333364,391,0.1788888888888911,736,0.20758333333333243,318,ALT
ALT,20907679,44.31892092218555,6.505181612151695,57.62201102814391,0.4116484728798631,3.2662666839468018,54.82394386001361,41.41942145227185,5.126453716948482,27.707131270477806,0.0,0.13842333954065797,1.0,0.861576660459342,0.8587889537807405,2205,2177,1322,2171,34,0,27,1,9710,0,0.14650694444444876,1241,0.14329166666666696,362,0.1873958333333357,771,0.19126388888888818,293,ALT
ALT,20915598,26.135993403862173,4.844332928771877,33.18304041200581,0.24791621082549137,2.6086657015792616,30.42109930859324,23.521579410899506,4.230705656845997,16.264315606790436,0.0,0.008327994875080076,1.0,0.9916720051249199,0.8147207718588498,2077,2076,1252,2071,6,0,0,0,9216,0,0.13954166666667064,1182,0.14012500000000028,354,0.17572916666666882,723,0.186041666666666,285,ALT
ALT,20923517,38.45518111665351,5.61618889249184,49.356728506088835,0.3554532091475042,3.101943916421768,46.19687134412165,35.47035128323929,5.281743373076998,24.519499098011472,0.0,0.09626604434072346,1.0,0.9037339556592765,0.8650758004657377,2288,2282,1299,2279,9,0,5,0,9839,0,0.14473611111111534,1226,0.16387500000000033,414,0.1776736111111133,731,0.18538888888888824,284,ALT
ALT,20931436,39.82082734755993,6.420216200774223,50.52120550826271,0.37078421889320223,3.197925423272944,47.43044238776503,36.6969554729869,5.658569363727042,25.096570431864464,0.0,0.1096305269533616,1.0,0.8903694730466384,0.859344629177205,2199,2180,1301,2172,27,0,18,0,9654,0,0.14438194444444866,1223,0.14527083333333363,367,0.1856944444444468,764,0.19779166666666587,303,ALT
ALT,20939355,55.039266206703175,5.724125705975309,70.72106820693463,0.4931870242347584,2.979591522247069,67.69357711350928,52.079021060932206,4.84959667089889,34.5562591075685,0.0,0.20465393794749404,1.0,0.7953460620525059,0.8646327841454078,2210,2209,1303,2205,5,0,0,1,9713,0,0.1445000000000042,1224,0.17693750000000036,447,0.1747569444444466,719,0.18343055555555493,281,ALT
ALT,20947274,26.975569678737976,5.223667731669542,33.90749447505648,0.25635607320165327,2.6627696024845338,31.062230842941897,24.208092297137004,4.688561375512187,16.927804288463843,0.0,0.05474452554744526,1.0,0.9452554744525548,0.8431774988041967,2171,2167,1289,2160,11,0,3,1,9519,0,0.1448541666666709,1227,0.13735416666666694,347,0.17500000000000215,720,0.1906111111111104,292,ALT
ALT,20955193,35.63836399452831,5.639887717577716,45.693928005119844,0.3323837020393708,3.15891810154236,42.69028039297896,32.77524815701604,4.8644385431346935,22.159804708137884,0.0,0.08322981366459627,1.0,0.9167701863354037,0.8564963743469689,2165,2149,1319,2143,22,0,15,0,9622,0,0.14438194444444866,1223,0.1555625000000003,393,0.1820486111111134,749,0.1886527777777771,289,ALT
ALT,20963112,41.680695593544634,7.925649908014149,52.51043941765233,0.3954680765484994,3.452082289428496,49.242651192270486,38.150014500750565,6.390569772444703,26.162468071403943,0.0074211502782931356,0.13167259786476868,0.9925788497217068,0.8683274021352313,0.8694911099023559,2246,2225,1349,2219,27,1,19,1,9935,0,0.1508750000000045,1278,0.162291666666667,410,0.1820486111111134,749,0.2036666666666658,312,ALT
ALT,20971031,37.78561832967718,5.92004595489547,47.79717346454136,0.3502627529893595,3.2578265302053024,44.97651198771051,34.982620763907036,4.639923591790555,23.6836793344301,0.0,0.10683760683760683,1.0,0.8931623931623932,0.8478513954661766,2156,2154,1278,2150,6,0,0,0,9437,0,0.14261111111111524,1208,0.14329166666666696,362,0.17135416666666875,705,0.18343055555555493,281,ALT
ALT,20978950,75.65296214966534,7.137976707426998,98.98806022529891,0.6757775611203866,3.3793510119148484,95.46728098831254,72.1215978455956,5.72008950330948,46.98149804960156,0.0,0.3082191780821918,1.0,0.6917808219178082,0.9179641662181964,2354,2347,1430,2342,12,0,6,0,10517,0,0.16067361111111605,1361,0.17377083333333368,439,0.20416666666666924,840,0.19583333333333255,300,ALT
ALT,20986869,25.214580820580167,5.138532088093602,32.57789649989343,0.2445944571998052,2.8528949494427764,30.09076795449264,22.785782333916337,4.332875862374107,15.908988592870731,0.0,0.05503439649781113,1.0,0.9449656035021888,0.8492867113249237,2197,2185,1298,2180,17,0,10,1,9596,0,0.14414583333333753,1221,0.1484375000000003,375,0.1764583333333355,726,0.18277777777777715,280,ALT
ALT,20994788,41.47152739592667,6.189905239040182,53.76994204146684,0.38559499099590583,3.2046706878545206,50.96595760259323,38.59471517195967,4.758762357467639,25.926781994770586,0.001763668430335097,0.13625154130702835,0.998236331569665,0.8637484586929717,0.8604586034382091,2194,2189,1310,2182,12,0,4,1,9710,0,0.14686111111111544,1244,0.1508125000000003,381,0.1820486111111134,749,0.2062777777777769,316,ALT
ALT,21002707,48.978008201931814,5.528801210144305,64.0333565212746,0.443719105480157,2.859660024140792,61.52350749103605,46.42192299460756,4.423204678208867,30.867282915397276,0.0,0.13454545454545455,1.0,0.8654545454545455,0.8503275758037496,2233,2222,1307,2215,18,0,10,3,9653,0,0.14414583333333753,1221,0.1472500000000003,372,0.17135416666666875,705,0.17429166666666615,267,ALT
ALT,21010626,36.483129957062864,5.784259118967736,46.8521141253379,0.34053693265374163,2.7420460552594452,43.71636782386263,33.375844980051106,5.214972299822041,22.817500885013118,0.0,0.06148282097649186,1.0,0.9385171790235082,0.8577538992379692,2227,2219,1331,2214,13,0,5,0,9883,0,0.1466250000000043,1242,0.17218750000000035,435,0.18763888888889127,772,0.2036666666666658,312,ALT
ALT,21018545,50.495585331745524,6.559832510766933,66.80135728946931,0.46518583130366414,3.1784885916915253,63.67907429758864,47.34228247781445,5.306079508120929,31.425890190072497,0.0,0.17879161528976573,1.0,0.8212083847102343,0.8778118479399254,2225,2222,1354,2213,12,0,2,2,9940,0,0.15063888888889337,1276,0.16308333333333366,412,0.19274305555555804,793,0.18669444444444377,286,ALT
ALT,21026464,35.80530462784324,6.0099952611505705,45.85150960533331,0.33626367649279476,3.0242346319786373,42.791295511941264,32.719131743158336,5.153449340224147,22.419093474186635,0.0,0.1029678982434888,1.0,0.8970321017565112,0.866857015203615,2227,2211,1319,2205,22,0,15,0,9810,0,0.1478055555555599,1252,0.1555625000000003,393,0.18593750000000234,765,0.20105555555555474,308,ALT
ALT,21034383,38.585157292641654,5.200779214370899,48.77825734494208,0.35195551228246313,2.756283872575716,46.19136964674407,36.03157623809907,4.235488576181148,24.072074939922953,0.0,0.0970414201183432,1.0,0.9029585798816568,0.8636438765899662,2217,2206,1330,2206,11,0,8,0,9747,0,0.1456805555555598,1234,0.14883333333333362,376,0.17913194444444666,737,0.19779166666666587,303,ALT
SBP,20250402,53.141882160269304,16.581309748496132,65.57759611363207,0.5480612903506688,5.65237528466073,51.26642596638064,39.68442353241349,23.017761957559763,33.54311111246459,0.0,0.1381118881118881,1.0,0.8618881118881119,0.8875591395650174,2317,2300,1342,2297,20,0,16,1,10027,0,0.14768750000000436,1251,0.171791666666667,434,0.17694444444444662,728,0.1932222222222215,296,SBP
SBP,20258321,52.53192884345677,15.243151390515232,65.24554087942661,0.5346591996867527,5.776856135102414,49.45418736557198,38.36866954655844,24.17368806614977,33.12923413427547,0.0,0.15896820635872824,1.0,0.8410317936412718,0.8614362798614269,2243,2234,1307,2230,13,0,8,0,9730,0,0.1445000000000042,1224,0.14131250000000029,357,0.18229166666666893,750,0.1906111111111104,292,SBP
SBP,20266240,48.725270357035754,11.35144627928218,61.17585321577941,0.4769590248869263,4.970724703177687,49.78611992454739,38.64155074251365,17.446765233697167,30.685480059914617,0.0,0.142018779342723,1.0,0.857981220657277,0.8964199890265042,2281,2268,1363,2257,24,0,11,6,10111,0,0.15359027777778242,1301,0.16031250000000033,405,0.19298611111111358,794,0.20562499999999911,315,SBP
SBP,20274159,43.10016116729197,13.630741491112481,53.717819727091936,0.44942562230371846,5.751233231438785,45.87706080121326,35.25975961585965,13.495395464404378,27.251066844625626,0.0,0.11850946854001222,1.0,0.8814905314599878,0.8531954152535893,2234,2226,1296,2220,14,0,6,0,9693,0,0.14284722222222637,1210,0.161104166666667,407,0.17572916666666882,723,0.18669444444444377,286,SBP
SBP,20282078,57.18058326768734,18.13739273970189,71.29314286008902,0.5968893134737309,6.127250197530112,52.265908684752524,40.02297518266061,28.897580751789768,35.87006544183521,0.0,0.17373134328358208,1.0,0.8262686567164179,0.89451949661478,2293,2280,1358,2275,18,0,12,0,10052,0,0.1502847222222267,1273,0.14685416666666695,371,0.19517361111111362,803,0.19583333333333255,300,SBP
SBP,20289997,53.778361512404516,14.760093136714053,66.93624194130751,0.5412087215153601,6.630552055090726,56.98668297468515,44.294178742896975,16.14088018772215,33.72665424243768,0.0,0.14102564102564102,1.0,0.858974358974359,0.8744121141898816,2206,2190,1316,2177,29,0,16,8,9791,0,0.1475694444444488,1250,0.15912500000000032,402,0.18934027777778017,779,0.20040277777777696,307,SBP
SBP,20297916,37.424973275071586,9.98298943546234,46.88190309056769,0.3758390116613583,5.692936520358604,40.324633048107295,31.489211610503983,10.267336943892417,23.5121520969241,0.0,0.0856269113149847,1.0,0.9143730886850153,0.8669541211052054,2210,2195,1322,2185,25,1,14,1,9775,0,0.1487500000000044,1260,0.16783333333333367,424,0.1796180555555578,739,0.186041666666666,285,SBP
SBP,20305835,24.500144976569743,7.012709814100215,30.07117290655696,0.2465254270867431,3.9246481707452214,25.307386203533905,20.14055359338051,7.383334885907078,15.420083907711177,0.0,0.042279411764705885,1.0,0.9577205882352942,0.8322011056497465,2153,2152,1264,2144,9,0,0,0,9454,0,0.14013194444444846,1187,0.15833333333333366,400,0.17815972222222443,733,0.186041666666666,285,SBP
SBP,20313754,37.697342497755784,11.720243696490014,46.1089744905466,0.38581507579316754,4.739012251031613,37.475573099648095,29.471667885424562,14.006870754290938,23.740724676998774,0.0,0.08506841165972635,1.0,0.9149315883402737,0.8656417821049429,2237,2225,1310,2224,13,0,9,0,9757,0,0.1448541666666709,1227,0.1567500000000003,396,0.18107638888889113,745,0.19126388888888818,293,SBP
SBP,20321673,45.53477526346531,13.83300797634811,56.82389289954817,0.4702678351870397,5.724282153945183,46.58628446051182,35.86214797800667,16.141126832139534,28.436013528533014,0.0,0.1110410094637224,1.0,0.8889589905362776,0.8448618487997227,2164,2149,1298,2144,20,1,14,2,9560,0,0.14379166666667084,1218,0.14962500000000029,378,0.1825347222222245,751,0.186041666666666,285,SBP
SBP,20329592,44.28036553499036,9.42152761562261,55.5340061231327,0.42648558068452186,4.8938293653393306,49.56619143613436,38.70705943162364,10.523260925019125,28.279053984179967,0.0,0.10964649490713002,1.0,0.8903535050928699,0.8480644171857947,2228,2205,1295,2184,44,1,19,16,9678,0,0.1466250000000043,1242,0.15714583333333365,397,0.17013888888889095,700,0.18669444444444377,286,SBP
SBP,20337511,34.10119032219724,8.005750292646889,43.044928227061924,0.33526321002761783,4.288272979448111,38.85064917902259,30.05790379738849,7.8750246576347935,21.896891436658972,0.0,0.08887507768800497,1.0,0.911124922311995,0.8308733026277101,2171,2158,1256,2143,28,0,12,9,9371,0,0.1406041666666707,1191,0.1508125000000003,381,0.16746527777777978,689,0.1592777777777774,244,SBP
SBP,20345430,56.14332907141935,9.814295673893884,70.27668554958082,0.5252144731479256,5.993412481597424,64.03341840022374,50.47606105522974,10.389618284791089,35.572992404603674,0.0,0.11946386946386946,1.0,0.8805361305361306,0.8793907088795626,2255,2239,1325,2216,39,1,14,14,9900,0,0.15099305555556006,1279,0.1520000000000003,384,0.1825347222222245,751,0.2036666666666658,312,SBP
SBP,20353349,37.18736964609642,11.055591538721304,46.36880519733633,0.381756092052492,4.9620974904288255,40.29547960442348,31.101752798696854,10.554591178329513,23.475639791365545,0.0,0.09436274509803921,1.0,0.9056372549019608,0.8595947355400813,2228,2206,1302,2200,28,0,19,5,9674,0,0.14461805555555976,1225,0.15516666666666698,392,0.17694444444444662,728,0.177555555555555,272,SBP
SBP,20361268,86.65933355633331,43.43890397983144,100.43373384229001,0.9846168711695201,7.866162946699051,63.65987537432504,50.224769701157506,59.171680354182136,53.62927946836531,0.0,0.21005385996409337,1.0,0.7899461400359067,0.8803761492203284,2204,2201,1352,2193,11,0,1,0,9865,0,0.151819444444449,1286,0.16862500000000033,426,0.17791666666666886,732,0.19387499999999924,297,SBP
SBP,20369187,45.988366459953916,12.261723850807767,58.226021301415,0.46485122333817436,5.820662888355053,47.14242788349174,36.14580922447716,16.219079225407274,28.617683197702224,0.0,0.10643564356435643,1.0,0.8935643564356436,0.8763585404401285,2212,2202,1337,2201,11,0,7,0,9779,0,0.14627083333333762,1239,0.15595833333333364,394,0.18229166666666893,750,0.19191666666666593,294,SBP
SBP,20377106,34.92528758826546,8.999659960517132,42.84353650830667,0.34368397555652136,4.512584569207486,37.561727029940954,29.832001261040126,8.410223015296816,21.791903299954377,0.0,0.056490384615384616,1.0,0.9435096153846154,0.8554194661065833,2174,2172,1305,2167,7,0,1,0,9588,0,0.14284722222222637,1210,0.15279166666666696,386,0.17548611111111326,722,0.19452777777777702,298,SBP
SBP,20385025,42.37220961420559,12.554686914453235,53.07733855900965,0.43601805212690126,5.086239334287256,43.686777313738624,33.45572726527667,15.126353700789277,26.661888208719425,0.0,0.10513447432762836,1.0,0.8948655256723717,0.8596363041740349,2238,2226,1311,2222,16,0,9,0,9729,0,0.1436736111111153,1217,0.15120833333333364,382,0.1764583333333355,726,0.19844444444444365,304,SBP
SBP,20392944,38.901950404245355,8.648155715393402,49.80648715829379,0.3814642337738073,4.565203451926113,42.11994725233319,32.189270120754415,12.505061518076717,24.91894292692923,0.0,0.08291139240506329,1.0,0.9170886075949367,0.8377169242815532,2164,2148,1258,2125,39,0,15,18,9439,0,0.142138888888893,1204,0.14764583333333361,373,0.17548611111111326,722,0.18147222222222162,278,SBP
SBP,20400863,52.37665187148028,15.668368782541686,63.928964490646244,0.5302369456701634,6.258175165827722,54.214070011270856,42.73982862383254,16.060702465331765,32.733292205523995,0.0,0.11992945326278659,1.0,0.8800705467372134,0.8778391767854653,2240,2236,1342,2235,5,0,2,0,9877,0,0.14945833333333777,1266,0.161104166666667,407,0.18277777777778006,752,0.18081944444444384,277,SBP
SBP,20408782,51.01413746655617,13.085493127375859,63.13886803399907,0.5043622581790124,5.037675709051151,52.04786799046446,40.69344847330832,18.24456487483311,32.32855947028824,0.0,0.12238979118329467,1.0,0.8776102088167054,0.8909142626399501,2293,2273,1350,2254,39,2,15,12,10012,0,0.15075694444444895,1277,0.15120833333333364,382,0.1771875000000022,729,0.21672222222222123,332,SBP
SBP,20416701,60.45335393947932,17.388870877407246,73.69606744366834,0.6060188037885295,6.69186716377477,58.77497424446238,46.559118220082915,23.444353628272008,37.89108149815382,0.0,0.18883610451306412,1.0,0.8111638954869359,0.8702321057046356,2216,2200,1320,2194,22,0,14,4,9709,0,0.1478055555555599,1252,0.13972916666666693,353,0.18059027777778003,743,0.18669444444444377,286,SBP
SBP,20424620,48.81612267366313,16.42401640715683,60.28040734982625,0.5141340674595961,5.540326031393803,42.81884558407052,33.07925968364429,26.338822540053574,30.563855465722305,0.0,0.13000616142945162,1.0,0.8699938385705484,0.8545193300296409,2201,2197,1308,2192,9,0,4,1,9679,0,0.14556250000000426,1233,0.14368750000000027,363,0.18690972222222457,769,0.18408333333333268,282,SBP
SBP,20432539,38.748229836121865,8.635681208630473,48.577524232526926,0.3760308187809754,5.07670280162133,42.22638975807716,33.09149866796325,10.473906704201617,24.757329805488144,0.0,0.08953418027828192,1.0,0.9104658197217181,0.8588776616372444,2214,2192,1279,2174,40,1,19,12,9572,0,0.14343750000000416,1215,0.14210416666666695,359,0.17329861111111322,713,0.19191666666666593,294,SBP
SBP,20440458,32.50575750041977,8.990399120394436,40.45184277987908,0.327648000389969,4.870688487056353,35.733717351638326,27.97347905176339,8.543309846240634,20.73786357806748,0.001763668430335097,0.05509478672985782,0.998236331569665,0.9449052132701422,0.8773109191095895,2274,2255,1338,2241,33,0,16,9,9950,0,0.15170138888889342,1285,0.15952083333333364,403,0.1820486111111134,749,0.186041666666666,285,SBP
SBP,20448377,31.592268527383176,7.4557009450309675,40.72212085510064,0.31442367909842783,4.119002917889349,36.506534539227545,27.63017280974978,6.574136783152976,19.766821981924036,0.0,0.07677664974619289,1.0,0.9232233502538071,0.8467333753944033,2172,2171,1294,2168,4,0,0,0,9570,0,0.14390972222222642,1219,0.14804166666666696,374,0.1764583333333355,726,0.19974999999999918,306,SBP
SBP,20456296,55.71523951431695,13.005564480825294,70.28369308402331,0.5469914422549309,6.575224886751926,61.31415345342442,47.45057623194179,15.298746730563666,35.54418080081285,0.0,0.14544357272178637,1.0,0.8545564272782136,0.8613096040752731,2235,2219,1305,2186,49,0,15,29,9819,0,0.14745138888889323,1249,0.16347916666666698,413,0.1808333333333356,744,0.19844444444444365,304,SBP
SBP,20464215,35.10492787300214,8.063565260222365,43.877374897446884,0.3419195035558812,3.827601627078765,36.62663383880501,28.576380490905855,11.357664256490985,22.123765988561555,0.0,0.07001239157372986,1.0,0.9299876084262702,0.8300982233660735,2152,2139,1282,2127,25,0,13,3,9539,0,0.14048611111111514,1190,0.16347916666666698,413,0.1808333333333356,744,0.20693055555555467,317,SBP
SBP,20472134,43.37094677178862,14.7952769940458,52.913583601894075,0.45402176740390043,5.418618790614881,40.441836906720106,31.70198101982318,20.054345563246013,27.410746904242103,0.0,0.1049757281553398,1.0,0.8950242718446602,0.846125642016098,2204,2196,1281,2189,15,0,8,1,9556,0,0.14202083333333743,1203,0.1508125000000003,381,0.1728125000000021,711,0.18343055555555493,281,SBP
SBP,20480053,47.79398413344907,13.57896827386856,59.61187091699557,0.48543537949089677,5.200528896212794,42.54876338147957,32.973556387235725,25.709815489627726,30.313423851155157,0.0,0.12241277350680072,1.0,0.8775872264931993,0.8664678734897153,2282,2274,1314,2267,15,0,7,1,9867,0,0.14686111111111544,1244,0.15358333333333363,388,0.18156250000000226,747,0.18734722222222155,287,SBP
SBP,20487972,44.346580815292796,9.549288033990239,56.42391812523412,0.4310646442751157,5.3004880592025465,48.09346976732961,37.102922552674016,12.214378801012298,27.781237837938864,0.0,0.07230392156862746,1.0,0.9276960784313726,0.8680197793147227,2198,2196,1315,2189,9,0,1,0,9782,0,0.14650694444444876,1241,0.165854166666667,419,0.19250000000000247,792,0.18930555555555487,290,SBP
SBP,20495891,52.48497881070966,14.465042617823295,65.38898534006276,0.5290100122991902,5.588239241395845,51.03212141659242,39.54193598471857,21.432602879076146,32.75279305668035,0.0,0.12353629976580796,1.0,0.8764637002341921,0.8893988921163848,2286,2286,1371,2281,5,0,0,1,10064,0,0.15276388888889347,1294,0.15833333333333366,400,0.17621527777777996,725,0.20431944444444358,313,SBP
SBP,20503810,44.01817475973319,14.199729222894067,54.372553306705754,0.45831615368862966,5.842278969216343,46.069175653356034,35.70141877600044,13.720066111898337,27.372738103438355,0.0017391304347826088,0.12016908212560387,0.9982608695652174,0.8798309178743962,0.8802790646143328,2241,2231,1361,2227,14,0,8,0,9984,0,0.14993055555556,1270,0.17020833333333368,430,0.18763888888889127,772,0.19779166666666587,303,SBP
SBP,20511729,57.77253708431607,19.535340231287584,70.12258096341364,0.6006686197887491,6.035935688811386,50.13430871031569,39.38781330282298,30.134957899292512,35.89205963579414,0.0,0.14532459797498512,1.0,0.8546754020250149,0.873076831770917,2225,2220,1348,2216,9,1,4,0,9867,0,0.1491041666666711,1263,0.14804166666666696,374,0.1849652777777801,761,0.20301388888888805,311,SBP
SBP,20519648,50.95798687136989,13.55381235475428,63.91161950804085,0.5118117012428129,5.203932753556112,53.25059033935498,40.90482666830202,17.58736307379877,32.213243727786605,0.0,0.14497920380273321,1.0,0.8550207961972668,0.8842801019713281,2290,2265,1346,2247,43,1,21,10,10050,0,0.151819444444449,1286,0.165854166666667,419,0.18690972222222457,769,0.19909722222222143,305,SBP
SBP,20527567,42.284862851766945,13.683843004957037,51.77261838192484,0.4375885665886922,5.682922782710979,42.09038104754307,33.04596738481878,15.805366025144036,26.613634486353387,0.0,0.10977804439112178,1.0,0.8902219556088782,0.8691261994904309,2226,2218,1320,2212,14,0,5,1,9792,0,0.1479236111111155,1253,0.15041666666666698,380,0.18763888888889127,772,0.1879999999999993,288,SBP
SBP,20535486,32.079170212573786,8.348561450321068,40.152470100762855,0.3203076737959216,4.8729267836649415,37.168717749586335,28.974913833806003,5.9734253102242505,20.487279692262923,0.0,0.050030138637733576,1.0,0.9499698613622665,0.8575982641111835,2237,2223,1300,2210,27,2,11,6,9701,0,0.14402777777778197,1220,0.15872916666666698,401,0.17572916666666882,723,0.1795138888888883,275,SBP
SBP,20543405,43.919967610231545,13.07854607192473,54.08587899118663,0.4470555625998383,5.288141243931853,43.79510786261751,34.27843449423521,16.266980675422353,27.54087167018707,0.0,0.09988317757009346,1.0,0.9001168224299065,0.8790587594471999,2285,2274,1359,2267,18,3,8,1,10074,0,0.1524097222222268,1291,0.15754166666666697,398,0.19152777777778024,788,0.19713888888888811,302,SBP
SBP,20551324,54.862678916562935,16.763006097101037,67.80650533662022,0.563459840556474,6.346924754928262,53.27021309003519,41.34518947735477,22.036925473846484,34.01083503207097,0.0,0.16136772645470907,1.0,0.8386322735452909,0.8837569252818995,2250,2235,1369,2232,18,0,13,0,10014,0,0.15288194444444905,1295,0.16664583333333366,421,0.17913194444444666,737,0.2108472222222213,323,SBP
SBP,20559243,49.10299416974936,20.71374982603767,59.4343558744975,0.5473617447617458,6.129664019954936,45.046265792585565,34.67790972448098,24.511332794661197,30.903821479593436,0.0,0.10870907967881409,1.0,0.891290920321186,0.860986987620382,2221,2207,1303,2200,21,0,14,2,9676,0,0.14355555555555974,1216,0.1531875000000003,387,0.18350694444444673,755,0.1729861111111106,265,SBP
SBP,20567162,37.797901388859614,9.165812377431443,47.05463335703356,0.3709656922685603,4.37578284591157,40.59479011597421,31.762089432948027,10.532956790153875,23.962014555000955,0.0,0.08408408408408409,1.0,0.9159159159159159,0.8536778050538716,2209,2202,1279,2198,11,0,5,1,9585,0,0.14131250000000406,1197,0.1531875000000003,387,0.18277777777778006,752,0.17233333333333284,264,SBP
SBP,20575081,32.48151357393163,6.984180716871143,41.44132399846877,0.3160812844429217,4.514349254974863,38.90005991058622,29.971784855245954,4.476498778062591,20.519801989153077,0.0,0.038485412787088766,1.0,0.9615145872129113,0.8402279469319527,2185,2176,1282,2169,16,0,7,2,9555,0,0.14095833333333738,1194,0.15516666666666698,392,0.17840277777778,734,0.19126388888888818,293,SBP
SBP,20583000,41.495386864978805,8.846924875857933,51.82693234544555,0.3989605436546698,4.965583473761072,43.96072626148373,34.59977652356296,11.437720596630923,25.857779057192044,0.0,0.10291493158834028,1.0,0.8970850684116597,0.8682270152757582,2220,2212,1341,2209,11,0,6,0,9859,0,0.146979166666671,1245,0.15516666666666698,392,0.18666666666666903,768,0.21215277777777683,325,SBP
SBP,20590919,37.056778719453455,8.159845814528087,46.850225001358154,0.36044271862709976,5.042913083423265,43.04198977403767,33.42374772948492,6.211021363064628,23.218975342077304,0.0,0.08534322820037106,1.0,0.9146567717996289,0.8434107808980366,2180,2165,1299,2161,19,0,13,0,9596,0,0.1448541666666709,1227,0.15358333333333363,388,0.1759722222222244,724,0.1951805555555548,299,SBP
SBP,20598838,43.80726446133012,12.92200716587821,54.3869499531616,0.4474860528956402,5.494548377721101,44.23080615343078,34.36059295175241,16.317696718021633,27.70329865733214,0.0,0.08518296340731854,1.0,0.9148170365926814,0.8710610991267392,2254,2237,1308,2234,20,0,14,0,9782,0,0.14532638888889313,1231,0.156354166666667,395,0.1808333333333356,744,0.18995833333333262,291,SBP
SBP,20606757,56.324231240306034,15.13712647193916,69.01574682798089,0.5585102027628129,5.550382511897558,55.14984170517018,43.472888472753084,21.74835352388393,35.27426929836691,0.0,0.16821885913853318,1.0,0.8317811408614668,0.8856328249932507,2270,2247,1362,2233,37,1,19,9,10000,0,0.151819444444449,1286,0.15477083333333364,391,0.18277777777778006,752,0.20040277777777696,307,SBP
SBP,20614676,73.72032362490263,31.893510500284876,87.15952303092243,0.8082270075662109,7.754292604204609,59.85575914834774,47.20478099992002,44.655874530813094,46.246212052089454,0.0,0.22662889518413598,1.0,0.773371104815864,0.9232928824972868,2361,2331,1405,2307,54,0,27,22,10449,0,0.15701388888889367,1330,0.1749583333333337,442,0.19906250000000258,819,0.20888888888888799,320,SBP
SBP,20622595,47.17619204803397,13.924932313253972,58.88607077674856,0.4838017152399145,6.247863573826279,48.89634118037478,37.790360297890054,16.057060380367503,29.669762520108467,0.0,0.12934131736526946,1.0,0.8706586826347306,0.8787556321554222,2275,2258,1347,2250,25,2,14,3,10024,0,0.1508750000000045,1278,0.165854166666667,419,0.1886111111111135,776,0.19909722222222143,305,SBP
SBP,20630514,45.65107231672551,10.097195715377387,57.771216639441356,0.4446007377302551,4.89117219693423,49.92127632326495,38.48897591493624,12.03283924035641,28.544363696705794,0.0,0.11872705018359853,1.0,0.8812729498164015,0.8670156053665591,2205,2190,1319,2187,18,0,14,0,9710,0,0.14638888888889318,1240,0.15991666666666698,404,0.17572916666666882,723,0.19191666666666593,294,SBP
SBP,20638433,58.66218268614642,22.30162574793092,70.5715192717887,0.626410126749333,6.01499500080667,49.071991883673924,38.4583935549852,33.29315077350086,36.510533439695415,0.0,0.1390053924505692,1.0,0.8609946075494308,0.8726227441879211,2221,2215,1341,2213,8,0,4,0,9838,0,0.14957638888889332,1267,0.14883333333333362,376,0.18180555555555783,748,0.20497222222222136,314,SBP
SBP,20646352,46.119533392179804,12.379239559931273,57.70690262469642,0.4634438366219488,5.768257323157441,48.68192506898368,37.74201604238191,14.691242746251945,29.155489582620223,0.0,0.13529765484064943,1.0,0.8647023451593505,0.871584478187754,2258,2232,1325,2218,40,0,25,3,9865,0,0.14615277777778207,1238,0.1484375000000003,375,0.19128472222222467,787,0.19974999999999918,306,SBP
SBP,20654271,33.36075540227255,9.285484113674357,41.23625003907196,0.3352254087235012,4.499826769391988,36.632078606066536,28.711645656727946,7.982056938209954,21.080976817216296,0.0,0.07623049219687875,1.0,0.9237695078031213,0.8652290180441798,2221,2211,1288,2207,14,0,9,0,9661,0,0.14438194444444866,1223,0.15833333333333366,400,0.1764583333333355,726,0.1879999999999993,288,SBP
SBP,20662190,74.26872957018554,23.099833715449694,91.3452131572098,0.7634081451410052,7.229805214680976,69.15290858627651,53.64473314011586,33.61553879858273,46.05808393653349,0.0,0.1959858323494687,1.0,0.8040141676505312,0.902055543832878,2264,2260,1378,2254,10,1,3,0,10131,0,0.151819444444449,1286,0.168229166666667,425,0.19541666666666918,804,0.2082361111111102,319,SBP
SBP,20670109,55.428271888745236,14.236901523498334,69.06972748407155,0.5504496169591769,5.766036961453832,52.87960478868891,41.17928436495664,23.669063936493355,34.62142126916674,0.0,0.1951793062904174,1.0,0.8048206937095825,0.8936779235391538,2264,2263,1355,2259,5,0,0,0,9999,0,0.1500486111111156,1271,0.165854166666667,419,0.18156250000000226,747,0.20236111111111027,310,SBP
SBP,20678028,17.996063418096195,4.931426828934196,22.48936818270944,0.1815175962204965,3.540082180753111,21.087043474300756,16.5988636625486,2.626792575152059,11.430485300157502,0.0,0.012048192771084338,1.0,0.9879518072289156,0.8155944367319321,2128,2119,1244,2114,14,1,7,2,9291,0,0.1384791666666706,1173,0.1460625000000003,369,0.17208333333333542,708,0.1879999999999993,288,SBP
SBP,20685947,59.96564928733616,20.05706119982347,73.16726068630847,0.6243534226566061,6.102726595920474,55.56698030408473,43.22264985318961,27.815575711268195,37.449229762645466,0.0,0.1756440281030445,1.0,0.8243559718969555,0.8912713253860642,2278,2276,1364,2273,5,0,0,0,10011,0,0.151819444444449,1286,0.15516666666666698,392,0.17791666666666886,732,0.19844444444444365,304,SBP
SBP,20693866,55.232070902974314,20.353139301688937,67.24545593997878,0.5906244869559094,6.816798131551401,51.635034570259904,40.11839879175979,24.721655324080704,34.27381556907897,0.0,0.1523579201934704,1.0,0.8476420798065296,0.8706750285807947,2248,2226,1362,2221,27,0,19,1,10000,0,0.15111111111111564,1280,0.15714583333333365,397,0.19177083333333578,789,0.20954166666666574,321,SBP
SBP,20701785,43.23570970559614,10.93834626893001,54.705057017260565,0.43195917609042833,5.731217647589154,49.32280680881206,38.01838121509268,10.605956883192013,27.918657461812213,0.0,0.10376213592233009,1.0,0.8962378640776699,0.8685930489428536,2248,2225,1298,2198,50,1,19,25,9808,0,0.1475694444444488,1250,0.16031250000000033,405,0.18350694444444673,755,0.18930555555555487,290,SBP
SBP,20709704,36.57117417721066,10.109390858965167,44.99439743856088,0.36578432270649497,5.597367770667849,39.453067499957506,31.270008238035032,9.02190169265507,23.04883909616009,0.0,0.06268480189237138,1.0,0.9373151981076286,0.8680483490366511,2235,2230,1307,2224,11,0,3,2,9710,0,0.1454444444444487,1232,0.1520000000000003,384,0.1747569444444466,719,0.1821249999999994,279,SBP
SBP,20717623,39.670383880220186,6.7449930453152165,50.658906629880356,0.372781308133286,4.6159798020041976,47.34027906812861,36.64944984537236,5.308319266377922,25.128439384194206,0.0,0.08952496954933009,1.0,0.9104750304506699,0.8394518447601695,2205,2190,1273,2186,19,0,12,1,9533,0,0.14166666666667074,1200,0.15041666666666698,380,0.17548611111111326,722,0.1795138888888883,275,SBP
SBP,20725542,54.96374488780597,16.586214418549766,67.73337041067118,0.5615559014202037,6.319007663039761,54.069596623383624,42.15307796248364,22.970914910316143,35.11764746786692,0.0,0.16922169811320756,1.0,0.8307783018867925,0.866565776157934,2275,2260,1309,2235,40,2,10,15,9890,0,0.14638888888889318,1240,0.15872916666666698,401,0.1832638888888912,754,0.20431944444444358,313,SBP
SBP,20733461,30.685119133723656,6.445148606770424,38.666211020811076,0.29562058245002776,3.8190614920619756,34.96981529036461,27.260790360481636,5.974541589033167,19.304458157237523,0.0,0.04758999389871873,1.0,0.9524100061012812,0.8472518468322807,2193,2178,1300,2172,21,0,13,0,9665,0,0.1456805555555598,1234,0.161104166666667,407,0.18229166666666893,750,0.1879999999999993,288,SBP
SBP,20741380,34.53210135257173,9.060050113087097,42.57181471692677,0.3421067909520114,4.836817086736458,37.51446437198484,29.694686834787806,8.9688328880397,21.880897287776975,0.0,0.07441016333938294,1.0,0.925589836660617,0.8568004541087365,2193,2173,1315,2155,38,0,17,12,9724,0,0.14733333333333767,1248,0.16031250000000033,405,0.18350694444444673,755,0.19191666666666593,294,SBP
SBP,20749299,44.201665005276666,10.831189888694462,56.13709041193746,0.43968165791306224,5.590697762946055,47.66004831444055,36.569379491660506,12.880446867150814,27.797675683597845,0.0,0.12135922330097088,1.0,0.8786407766990292,0.8671816756827639,2241,2238,1316,2232,9,0,2,0,9825,0,0.146979166666671,1245,0.14645833333333363,370,0.1898263888888913,781,0.19713888888888811,302,SBP
SBP,20757218,47.65066795081061,12.068897720814808,59.12379773459024,0.4706561741234173,4.4658057264016735,47.52226435669414,37.05171646250938,19.17311874870818,30.53444600762284,0.0,0.11651651651651651,1.0,0.8834834834834835,0.846137314566277,2217,2200,1262,2186,31,0,14,11,9560,0,0.14131250000000406,1197,0.15516666666666698,392,0.17572916666666882,723,0.18408333333333268,282,SBP
SBP,20765137,33.31089945978606,8.603163929869977,42.14597135087812,0.3342419991236098,5.137414383404142,37.988446844049406,29.3442213641423,6.81093904390586,20.814172188595453,0.0,0.049170251997541485,1.0,0.9508297480024586,0.8689098406737634,2223,2208,1345,2202,21,0,14,1,9868,0,0.1502847222222267,1273,0.14566666666666694,368,0.18763888888889127,772,0.20693055555555467,317,SBP
SBP,20773056,40.56540187749033,11.692848081069657,50.60352989990182,0.4134576661686089,5.049958599626681,42.64079841897616,32.97315865986816,13.134603853807672,25.675008749370534,0.0,0.08863771564544913,1.0,0.9113622843545509,0.865380469304294,2274,2263,1317,2256,18,1,10,2,9848,0,0.14686111111111544,1244,0.15754166666666697,398,0.17111111111111318,704,0.2036666666666658,312,SBP
SBP,20780975,36.96845374876379,9.354414127720167,46.40255117552763,0.36762165701124416,4.785078345945855,42.47158047314052,32.88940706232465,8.329625126853113,23.928689130299883,0.0,0.08538785327720987,1.0,0.9146121467227901,0.8494422506902591,2245,2230,1281,2207,38,0,13,16,9653,0,0.14509027777778202,1229,0.1381458333333336,349,0.17256944444444655,710,0.19387499999999924,297,SBP
SBP,20788894,28.087683974065193,7.518739801257462,35.139166072911415,0.2820523032773094,4.473228113724475,29.90439159307271,23.412075249448854,7.9978581906490325,17.66900043764206,0.0,0.0592958616429895,1.0,0.9407041383570105,0.8442674080920539,2186,2174,1291,2170,16,0,9,1,9558,0,0.14379166666667084,1218,0.1555625000000003,393,0.17232638888889099,709,0.18343055555555493,281,SBP
SBP,20796813,25.717217266080198,5.455348625230984,32.598366628728925,0.2488853970031437,3.668647701808979,29.902654134425585,23.25229676145135,4.382238754384139,16.17671329513054,0.0,0.043151969981238276,1.0,0.9568480300187617,0.8352308338761537,2148,2142,1285,2134,14,1,4,0,9487,0,0.14461805555555976,1225,0.15477083333333364,391,0.17232638888889099,709,0.18669444444444377,286,SBP
SBP,20804732,45.47314605331796,13.847896734209144,56.17677773318831,0.46648523233833383,6.119998970208925,47.838960975238514,37.31371002983041,13.57761000174043,28.414370866465205,0.0,0.1157379056950398,1.0,0.8842620943049602,0.8639699198783911,2191,2184,1310,2179,12,1,6,0,9669,0,0.1475694444444488,1250,0.15279166666666696,386,0.17815972222222443,733,0.1879999999999993,288,SBP
SBP,20812651,53.23124135004364,15.120845371530397,66.69813608283557,0.5422954660882101,5.495168380061452,53.813103978198306,41.225179241067394,19.920799416383925,33.1634282415865,0.0,0.1288196524865189,1.0,0.8711803475134812,0.8885942124537662,2273,2257,1374,2252,21,0,15,0,10055,0,0.15323611111111574,1298,0.15002083333333363,379,0.18229166666666893,750,0.21802777777777677,334,SBP
SBP,20820570,30.643947480587084,5.97948449157684,38.870609144637065,0.292755643593563,4.169062619797417,35.46129588429308,27.641919007376753,5.234070542908818,19.20200189726326,0.0,0.04830614805520703,1.0,0.951693851944793,0.8365730699217613,2138,2125,1284,2119,19,0,11,1,9374,0,0.14284722222222637,1210,0.13141666666666693,332,0.17208333333333542,708,0.18081944444444384,277,SBP
SBP,20828489,37.06267290950766,6.465313637911022,46.703194723081495,0.34758093025834197,4.320262315752655,41.36534424588602,32.47796264130182,8.672020681334507,23.681325808230223,0.0,0.07936507936507936,1.0,0.9206349206349207,0.8410311914881717,2175,2155,1263,2137,38,1,16,15,9484,0,0.1415486111111152,1199,0.15279166666666696,386,0.18107638888889113,745,0.17559722222222168,269,SBP
SBP,20836408,60.17036175668266,11.906231748911251,75.6674935482775,0.5737647217531092,6.050210068850151,56.563186455080434,44.324459051711266,25.882164446130258,37.313423252637534,0.0,0.16047197640117994,1.0,0.8395280235988201,0.8886488992392121,2245,2237,1372,2230,15,1,7,0,9994,0,0.15264583333333792,1293,0.15002083333333363,379,0.18593750000000234,765,0.20497222222222136,314,SBP
SBP,20844327,32.38489674629132,7.790490009161268,40.298136061952704,0.3172845331938557,4.583028913268981,35.61627763722738,28.08584177425148,7.531537494073951,20.44655037653644,0.0,0.07995226730310262,1.0,0.9200477326968974,0.8561912294012661,2217,2213,1309,2206,11,0,4,1,9711,0,0.14638888888889318,1240,0.15002083333333363,379,0.18277777777778006,752,0.17886111111111053,274,SBP
SBP,20852246,33.91412417782684,6.166937873701167,43.58439593846774,0.3224627151827504,4.094989424160285,38.623500996475855,29.721241123557498,7.359740605683394,21.277174503581215,0.0,0.056639395846444306,1.0,0.9433606041535557,0.8398894520522201,2157,2141,1299,2132,25,0,15,2,9575,0,0.14532638888889313,1231,0.162291666666667,410,0.17378472222222435,715,0.19909722222222143,305,SBP
SBP,20860165,39.771394753609975,11.61248075867805,49.476567087873114,0.4058399141350328,5.372276501710409,41.36913862134402,32.15948751508287,13.000499711699906,25.028637995861736,0.0,0.08256315465187923,1.0,0.9174368453481208,0.8605591096246267,2189,2181,1293,2177,12,0,8,0,9571,0,0.1445000000000042,1224,0.15754166666666697,398,0.16819444444444645,692,0.18538888888888824,284,SBP
SBP,20868084,39.91722287131423,8.991896724725661,49.74012235990456,0.38683391894601565,4.05481905508883,41.539435341617484,32.50265913713414,12.127074121732667,24.737784439871845,0.0018975332068311196,0.10427968655816756,0.9981024667931688,0.8957203134418324,0.868468059007532,2198,2186,1346,2182,16,0,12,0,9840,0,0.1487500000000044,1260,0.161104166666667,407,0.18934027777778017,779,0.19648611111111033,301,SBP
SBP,20876003,54.41303514510445,13.518369420932784,67.75044461988053,0.5365569923606849,6.5138852861501,57.70091232794844,44.92738017141981,17.535540271007978,34.853846392783,0.0,0.14631197097944376,1.0,0.8536880290205562,0.8595539982672095,2223,2204,1282,2151,72,1,15,47,9771,0,0.14674305555555986,1243,0.15397916666666697,389,0.1849652777777801,761,0.2128055555555546,326,SBP
SBP,20883922,38.414724111951145,7.8352080719621116,49.065159916533,0.3707220691425706,4.712995349268376,44.61046858233233,34.26804240291262,6.886153106184764,24.05328323785215,0.0,0.08281444582814446,1.0,0.9171855541718555,0.8456509723840407,2170,2168,1290,2164,6,0,0,1,9548,0,0.14438194444444866,1223,0.14883333333333362,376,0.1747569444444466,719,0.1932222222222215,296,SBP
SBP,20891841,35.39430157446985,9.045147707822538,44.43014123480207,0.3526962741372331,4.877440725151184,38.69419291028526,30.028746189514873,8.868168691804293,22.114593911503114,0.0,0.08063530849114234,1.0,0.9193646915088577,0.8596877307786344,2202,2201,1315,2193,9,0,0,1,9682,0,0.14509027777778202,1229,0.14883333333333362,376,0.1771875000000022,729,0.19452777777777702,298,SBP
SBP,20899760,26.37161699158709,7.984568863449088,32.38607198677242,0.26896416334903295,4.521421589381366,29.02434359071525,22.999034901862657,5.699147517576026,16.502089771291164,0.0,0.034782608695652174,1.0,0.9652173913043478,0.8397010387356965,2136,2135,1284,2130,6,0,0,0,9516,0,0.1436736111111153,1217,0.15477083333333364,391,0.1788888888888911,736,0.20758333333333243,318,SBP
SBP,20907679,45.46199203448047,12.301401253741107,57.038277926200934,0.4584288785393601,5.3609261545896745,48.47585484036896,37.33290980103057,14.492451716420504,28.775890667104704,0.0,0.11945812807881774,1.0,0.8805418719211823,0.8588101138238126,2205,2190,1312,2168,37,1,11,17,9730,0,0.146979166666671,1245,0.14447916666666696,365,0.18812500000000237,774,0.1932222222222215,296,SBP
SBP,20915598,26.064278528901692,4.834662804302028,33.09079016011559,0.24725846960406422,3.652192868700105,31.683437901417584,24.72963674927428,2.108941646854633,16.219687750407306,0.0,0.010890454836643177,1.0,0.9891095451633568,0.8147207718588475,2077,2076,1252,2071,6,0,0,0,9216,0,0.13954166666667064,1182,0.14012500000000028,354,0.17572916666666882,723,0.186041666666666,285,SBP
SBP,20923517,39.384968256344294,9.427108721812369,49.306759352185175,0.3868431131783365,4.896473050288513,42.35064058999002,33.03638050445898,11.148702229018037,25.088340907231796,0.0,0.08172796263864565,1.0,0.9182720373613543,0.8651363452765388,2288,2280,1300,2279,9,0,6,0,9836,0,0.14461805555555976,1225,0.16387500000000033,414,0.17743055555555776,730,0.18538888888888824,284,SBP
SBP,20931436,40.99163281817835,12.043776282080875,50.26550539843571,0.41465253523270884,5.0732800344114155,43.81353345874602,34.41280223788685,11.394143944610136,25.809735751373474,0.0,0.0950938824954573,1.0,0.9049061175045428,0.8593955027062248,2199,2180,1301,2172,27,0,18,4,9658,0,0.14438194444444866,1223,0.14527083333333363,367,0.1856944444444468,764,0.19779166666666587,303,SBP
SBP,20939355,58.1195759275381,17.653192964423372,70.98754707898881,0.5908093760069585,6.21549689891823,55.34281534708926,43.489098401469,24.62490142085686,36.49022349664625,0.0,0.15274463007159905,1.0,0.8472553699284009,0.8646327841454046,2210,2209,1303,2205,5,0,1,0,9713,0,0.1445000000000042,1224,0.17693750000000036,447,0.1747569444444466,719,0.18343055555555493,281,SBP
SBP,20947274,27.777287715510916,8.312317639839751,33.97662534790893,0.2816744106787295,4.609259462837667,29.05784383075022,23.157239481687803,7.792846604836276,17.423925391106803,0.0,0.049878345498783457,1.0,0.9501216545012166,0.8430865145591901,2171,2167,1290,2161,10,0,2,0,9519,0,0.1448541666666709,1227,0.13735416666666694,347,0.17500000000000215,720,0.1906111111111104,292,SBP
SBP,20955193,36.20646383267872,7.579290279326465,45.79042112683149,0.34924568543872864,4.638333086845208,40.56784957509493,31.55621188911699,7.623353401656066,22.445172678184434,0.0,0.06086956521739131,1.0,0.9391304347826087,0.8566010556746857,2165,2149,1321,2145,20,0,16,1,9628,0,0.14438194444444866,1223,0.1555625000000003,393,0.1820486111111134,749,0.1886527777777771,289,SBP
SBP,20963112,42.49032356827171,11.548476266015953,52.3505079642343,0.423855904381501,5.672986318171813,43.35017454558192,34.255680835517424,14.338757982070033,26.76874365332436,0.0,0.12160566706021252,1.0,0.8783943329397875,0.8692925200087804,2246,2233,1345,2218,28,1,9,11,9953,0,0.15134722222222674,1282,0.16308333333333366,412,0.18277777777778006,752,0.20431944444444358,313,SBP
SBP,20971031,38.395910648343055,8.802556028191907,47.693578297950445,0.3725765476333701,5.182635552945681,42.15925818457104,33.301348584794496,8.489882194509791,24.06211372267797,0.001937984496124031,0.09035409035409035,0.998062015503876,0.9096459096459096,0.8479133787896677,2156,2154,1278,2150,6,1,0,0,9438,0,0.14261111111111524,1208,0.14329166666666696,362,0.17135416666666875,705,0.18343055555555493,281,SBP
SBP,20978950,83.39918284645746,38.18391427704659,98.78996362380268,0.9374113401400553,8.546490011481454,66.3272162656214,51.69762812893491,52.06930172861036,51.83811248582648,0.0,0.24102564102564103,1.0,0.7589743589743589,0.9175770803372987,2354,2350,1428,2343,11,0,1,3,10518,0,0.16067361111111605,1361,0.17377083333333368,439,0.20416666666666924,840,0.19648611111111033,301,SBP
SBP,20986869,25.31388471035694,7.737204329475512,31.756464925153708,0.2628319431129375,4.693250750955405,28.502689944464947,22.120104689480232,5.6161863366961535,15.971400320389048,0.0,0.039375,1.0,0.960625,0.8492064833093389,2197,2186,1298,2181,16,0,10,0,9598,0,0.14414583333333753,1221,0.1484375000000003,375,0.1764583333333355,726,0.18343055555555493,281,SBP
SBP,20994788,43.28560643064565,11.150224631605703,54.48730935688701,0.4327657092436054,5.146870979071694,44.09505171621744,34.00199025462619,15.437356201968928,27.049540109119878,0.0,0.10549043800123381,1.0,0.8945095619987662,0.8603370493313981,2194,2188,1310,2182,12,0,5,1,9709,0,0.14686111111111544,1244,0.1508125000000003,381,0.1820486111111134,749,0.2062777777777769,316,SBP
SBP,21002707,50.9403040864283,13.496475211194397,63.90687909182523,0.5112916909847607,5.946254583904124,53.26925203409165,41.08160928690243,16.766799037579286,32.06948919449249,0.0,0.11400848999393572,1.0,0.8859915100060642,0.850118634808735,2233,2221,1308,2216,17,1,11,1,9651,0,0.14402777777778197,1220,0.1472500000000003,372,0.17111111111111318,704,0.17429166666666615,267,SBP
SBP,21010626,38.17151750218879,9.557395459992508,47.81905834783564,0.37834255246411835,4.558993078027017,38.08757252708828,29.645015809959787,14.241663473284998,23.871469777824007,0.0017889087656529517,0.05177603853100542,0.998211091234347,0.9482239614689946,0.8577611902623611,2227,2220,1331,2213,14,0,4,1,9885,0,0.1466250000000043,1242,0.17218750000000035,435,0.18763888888889127,772,0.2036666666666658,312,SBP
SBP,21018545,52.064240319069334,14.335919404869513,66.06626276492169,0.5308774325826592,6.395671406713912,56.061588162073285,42.644411190792056,15.550840054314751,32.382957954766745,0.0,0.13942011104256632,1.0,0.8605798889574336,0.8778279031405279,2225,2221,1354,2213,12,0,4,1,9938,0,0.15063888888889337,1276,0.16268750000000032,411,0.19274305555555804,793,0.18669444444444377,286,SBP
SBP,21026464,36.82552185347848,8.267146465998756,46.466357746276735,0.3590415529902368,5.017525015082646,40.88089371608943,31.801559867733282,8.564093313721207,23.129487481325256,0.0,0.08837772397094432,1.0,0.9116222760290557,0.8666880804557101,2227,2212,1317,2203,24,1,14,0,9808,0,0.1478055555555599,1252,0.1555625000000003,393,0.18593750000000234,765,0.20105555555555474,308,SBP
SBP,21034383,39.828464078982925,6.981759426154651,49.83204355633749,0.3726518966139516,4.449418876611911,44.947294777597264,35.492894918573036,7.191177118694904,24.84773522574558,0.0,0.07924305144884683,1.0,0.9207569485511532,0.8637553616324797,2217,2206,1330,2206,11,0,8,0,9747,0,0.1456805555555598,1234,0.14883333333333362,376,0.17913194444444666,737,0.19779166666666587,303,SBP
SBP,20250402,53.027460576629345,18.1013759591354,64.90721981350156,0.5567529513025882,7.353980845643357,50.12859572591184,39.26756307805237,23.53635559944472,33.47094571498494,0.06506849315068493,0.06468531468531469,0.934931506849315,0.9353146853146853,0.8875591395650183,2317,2300,1342,2297,20,0,16,1,10027,0,0.14768750000000436,1251,0.171791666666667,434,0.17694444444444662,728,0.1932222222222215,296,SBP*
SBP,20258321,52.70713223326687,17.81659164518489,64.60306519384562,0.5524773066840232,7.759414570456632,48.30991703762424,37.99985195197016,25.064614490726687,33.2253940694948,0.0721830985915493,0.06182472989195678,0.9278169014084507,0.9381752701080432,0.8614288674987218,2243,2234,1307,2230,13,0,8,0,9732,0,0.14461805555555976,1225,0.1417083333333336,358,0.18229166666666893,750,0.1906111111111104,292,SBP*
SBP,20266240,48.92970162508549,12.835108316737006,60.925720534530704,0.4877892280120616,6.106025212629293,48.87442668675139,38.2482687874541,18.474147800456457,30.836377114828394,0.047872340425531915,0.06858147713950762,0.9521276595744681,0.9314185228604924,0.8961201442677537,2281,2270,1361,2257,24,0,9,8,10112,0,0.15370833333333797,1302,0.16031250000000033,405,0.19298611111111358,794,0.20562499999999911,315,SBP*
SBP,20274159,43.22615696419085,15.398352932292187,53.24621132472753,0.462134133235897,7.239063921038249,44.94917757736564,34.966590186994026,14.18211224827991,27.312567504849707,0.04753820033955857,0.03667481662591687,0.9524617996604414,0.9633251833740831,0.8531954152535899,2234,2225,1297,2221,13,0,6,0,9689,0,0.14261111111111524,1208,0.16070833333333365,406,0.17548611111111326,722,0.18669444444444377,286,SBP*
SBP,20282078,57.32582120875454,20.470874902224967,70.63945013766833,0.613528098981975,8.123202103185603,51.39000246789803,39.90408135308846,29.236831887924783,35.919256717805986,0.06776859504132231,0.08900836320191159,0.9322314049586777,0.9109916367980884,0.894519496614779,2293,2279,1359,2276,17,0,12,0,10050,0,0.15016666666667114,1272,0.14645833333333363,370,0.19517361111111362,803,0.19583333333333255,300,SBP*
SBP,20289997,53.91117949697658,18.029494748975875,66.01132994332325,0.5629276359534577,9.448356537652236,55.71569945699298,44.05379384444682,16.746064574483622,33.80365929816285,0.08876811594202899,0.05372405372405373,0.911231884057971,0.9462759462759462,0.8744810125957599,2206,2190,1316,2177,29,0,15,9,9791,0,0.1475694444444488,1250,0.15912500000000032,402,0.18934027777778017,779,0.20040277777777696,307,SBP*
SBP,20297916,37.57979873626169,11.426260611491783,46.5600369498651,0.3861791605002135,6.927875190701675,39.35463284765039,31.089278142192363,11.134309404973832,23.59269710479461,0.05,0.020158827122785584,0.95,0.9798411728772144,0.8670752203919518,2210,2197,1322,2187,23,1,12,2,9779,0,0.1487500000000044,1260,0.16783333333333367,424,0.1796180555555578,739,0.18669444444444377,286,SBP*
SBP,20305835,24.459730579379514,7.796516866440066,29.76492093174745,0.2509009685439662,4.602646290386122,24.973665310940806,20.05130012010045,7.449477637061434,15.3860073366517,0.01730769230769231,0.025122549019607844,0.9826923076923076,0.9748774509803921,0.8323552820935979,2153,2152,1265,2145,8,0,0,0,9455,0,0.14013194444444846,1187,0.15833333333333366,400,0.17815972222222443,733,0.186041666666666,285,SBP*
SBP,20313754,37.61326322505764,13.593719441913539,45.39102025959954,0.39657092154425616,5.7528752879189105,36.481830958437286,28.968773931577967,14.71828048316729,23.68782727884301,0.03308823529411765,0.0362879238548483,0.9669117647058824,0.9637120761451516,0.865641782104944,2237,2225,1310,2224,13,0,9,0,9757,0,0.1448541666666709,1227,0.1567500000000003,396,0.18107638888889113,745,0.19126388888888818,293,SBP*
SBP,20321673,45.826027133421555,16.140352945928115,56.37842997552865,0.48770341893668223,7.714154961778171,45.81656133420031,35.82975742932431,16.668133787918023,28.61217545412252,0.0586145648312611,0.06624605678233439,0.9413854351687388,0.9337539432176656,0.8448618487997226,2164,2148,1298,2143,21,2,14,2,9559,0,0.14379166666667084,1218,0.14962500000000029,378,0.1825347222222245,751,0.186041666666666,285,SBP*
SBP,20329592,44.45405615677186,10.868234443311925,55.296723009148685,0.4367596364516389,6.022547614449189,48.96712461103378,38.52798934111572,11.129437998527822,28.390525344358178,0.05037313432835821,0.06111443978430198,0.9496268656716418,0.938885560215698,0.8480644171857948,2228,2205,1295,2184,44,3,17,16,9678,0,0.1466250000000043,1242,0.15714583333333365,397,0.17013888888889095,700,0.18669444444444377,286,SBP*
SBP,20337511,34.15491025825238,8.686703986711791,42.883675189663855,0.34005620596371483,5.042212581879338,38.14819436221166,29.72595896026428,8.553530807990125,21.93668838051726,0.03642987249544627,0.0435052827843381,0.9635701275045537,0.9564947172156619,0.8308525443331488,2171,2158,1256,2143,28,0,10,11,9371,0,0.1406041666666707,1191,0.1508125000000003,381,0.16746527777777978,689,0.1592777777777774,244,SBP*
SBP,20345430,56.36589743354092,12.038661841003485,69.88857590052231,0.540068100231822,8.041680586345752,63.210882392836,50.335606826216456,11.045813024117368,35.73690329627216,0.05162523900573614,0.030267753201396973,0.9483747609942639,0.969732246798603,0.8794364254657245,2255,2241,1325,2216,39,2,10,19,9908,0,0.1512291666666712,1281,0.1520000000000003,384,0.1825347222222245,751,0.2036666666666658,312,SBP*
SBP,20353349,37.278576298723806,12.149016571187062,46.11330780711411,0.38965932134701625,5.807853837770506,39.6865292354502,30.879301120292524,11.288972675943334,23.615973304362566,0.04006968641114982,0.04100367197062423,0.9599303135888502,0.9589963280293757,0.8596228032112785,2228,2208,1301,2199,29,0,17,6,9677,0,0.14473611111111534,1226,0.15516666666666698,392,0.1771875000000022,729,0.177555555555555,272,SBP*
SBP,20361268,86.99727446337138,48.84413570335365,99.15672337666628,1.0200911942031683,10.951726396117031,61.32510807713811,49.19521607761918,61.39590515783772,53.83786500428831,0.09811320754716982,0.0718132854578097,0.9018867924528302,0.9281867145421903,0.880376149220327,2204,2201,1352,2193,11,0,1,0,9865,0,0.151819444444449,1286,0.16862500000000033,426,0.17791666666666886,732,0.19387499999999924,297,SBP*
SBP,20369187,46.00344127550592,14.103233169652338,57.578377467475086,0.47723405330772883,6.850698901695666,46.10141572416248,35.6559479412535,17.050682976109183,28.62705863399215,0.04948805460750853,0.04950495049504951,0.9505119453924915,0.9504950495049505,0.8763585404401285,2212,2202,1337,2201,11,0,7,0,9779,0,0.14627083333333762,1239,0.15595833333333364,394,0.18229166666666893,750,0.19191666666666593,294,SBP*
SBP,20377106,35.258519786957784,10.469421080144855,42.82964812693017,0.3550576905139126,5.4443832413387225,37.27614904939233,29.831150416569482,8.96498332852019,21.999586410269682,0.03740157480314961,0.03365384615384615,0.9625984251968503,0.9663461538461539,0.8554194661065814,2174,2172,1305,2167,7,0,1,0,9588,0,0.14284722222222637,1210,0.15279166666666696,386,0.17548611111111326,722,0.19452777777777702,298,SBP*
SBP,20385025,42.449244046923866,14.350532793163469,52.543456718868384,0.44856318203879175,6.430632983121941,42.77220811919373,33.135565723561214,15.79260683473645,26.705526384407015,0.04067796610169491,0.03547400611620795,0.9593220338983051,0.964525993883792,0.8596363041740356,2238,2225,1311,2221,17,0,10,0,9728,0,0.1436736111111153,1217,0.15120833333333364,382,0.1764583333333355,726,0.19844444444444365,304,SBP*
SBP,20392944,39.058532199401746,10.069501591200837,49.46342418353528,0.3919777682419975,5.342509063253874,41.18598561325632,31.732393941634047,13.433377096175574,24.96971380309505,0.022968197879858657,0.04050632911392405,0.9770318021201413,0.959493670886076,0.8377333207436035,2164,2146,1258,2124,40,1,15,20,9438,0,0.142138888888893,1204,0.14764583333333361,373,0.17548611111111326,722,0.18147222222222162,278,SBP*
SBP,20400863,52.29261394329882,17.83637151468666,63.13619611936206,0.5425106951690715,8.095598887446918,53.218674285750055,42.422231826853725,16.449577244654712,32.68067161184224,0.05794392523364486,0.047619047619047616,0.9420560747663551,0.9523809523809523,0.8780431739818922,2240,2236,1342,2235,5,1,1,0,9877,0,0.14945833333333777,1266,0.161104166666667,407,0.18277777777778006,752,0.18081944444444384,277,SBP*
SBP,20408782,51.52243751216054,14.389260046683281,63.3711387526085,0.5163725842995446,5.8899004579268475,51.38758544259051,40.40814409903871,19.551334575263535,32.64800630217173,0.04007285974499089,0.06662804171494785,0.9599271402550091,0.9333719582850522,0.8909943867816031,2293,2275,1348,2253,40,2,13,17,10019,0,0.15099305555556006,1279,0.15120833333333364,382,0.1776736111111133,731,0.21672222222222123,332,SBP*
SBP,20416701,60.78264243038214,21.080363236532623,72.99872833618198,0.6305241569386705,9.65517893251871,57.051181149329885,45.934664265750534,25.05981064870885,38.11030168522254,0.08333333333333333,0.06828978622327792,0.9166666666666666,0.9317102137767221,0.8702379942762375,2216,2200,1319,2193,23,2,12,6,9709,0,0.1478055555555599,1252,0.13972916666666693,353,0.18059027777778003,743,0.18669444444444377,286,SBP*
SBP,20424620,48.62395324416283,18.823672681234264,59.170933332215995,0.5282147158236261,7.119604993416613,41.77473603723166,32.72055068486487,26.619287586577816,30.44367418484792,0.047038327526132406,0.06900800985828712,0.9529616724738676,0.9309919901417129,0.8545193300296422,2201,2197,1308,2192,9,0,4,1,9679,0,0.14556250000000426,1233,0.14368750000000027,363,0.18690972222222457,769,0.18408333333333268,282,SBP*
SBP,20432539,38.768565878165866,9.768215566909781,48.234818115214075,0.38316792473176475,5.928106545664271,41.75280747513859,32.943722711914745,10.762420296838963,24.77031856645755,0.03896103896103896,0.04053236539624924,0.961038961038961,0.9594676346037507,0.8588776616372442,2214,2192,1279,2174,40,2,17,13,9572,0,0.14343750000000416,1215,0.14210416666666695,359,0.17329861111111322,713,0.19191666666666593,294,SBP*
SBP,20440458,32.68244559728972,9.820749050971244,40.366591516314514,0.3341166756741262,5.446024949483203,35.46784814846529,27.955744469357725,8.923992692913787,20.874408574785406,0.035398230088495575,0.021264028352037802,0.9646017699115044,0.9787359716479622,0.8776534789751306,2274,2258,1338,2242,32,0,13,12,9958,0,0.151819444444449,1286,0.15991666666666698,404,0.1820486111111134,749,0.186041666666666,285,SBP*
SBP,20448377,31.718855296501232,8.67978078928736,40.43357197278366,0.3238771793961125,5.252747182095623,35.9207063353038,27.51562310354016,6.97840844283539,19.8460254784458,0.03361344537815126,0.03299492385786802,0.9663865546218487,0.9670050761421319,0.8467333753944011,2172,2171,1294,2168,4,0,0,0,9570,0,0.14390972222222642,1219,0.14804166666666696,374,0.1764583333333355,726,0.19974999999999918,306,SBP*
SBP,20456296,55.6941514396016,15.48343151406922,69.410200690274,0.5625715874216094,8.714586546628297,60.086424894167926,47.08148203321419,15.921928711097275,35.55138625227195,0.06761565836298933,0.047044632086851626,0.9323843416370107,0.9529553679131484,0.8614523189956422,2235,2220,1304,2186,49,0,14,29,9819,0,0.1475694444444488,1250,0.16347916666666698,413,0.1808333333333356,744,0.19844444444444365,304,SBP*
SBP,20464215,35.224045565953475,9.418143333626452,43.61176721307347,0.351290654075846,4.457731201606544,36.12198566697877,28.361429380797738,11.895474243261283,22.18609455429693,0.026717557251908396,0.04399008674101611,0.9732824427480916,0.9560099132589839,0.8301141647929489,2152,2138,1283,2128,24,1,12,3,9537,0,0.1403680555555596,1189,0.16308333333333366,412,0.1808333333333356,744,0.20693055555555467,317,SBP*
SBP,20472134,43.12730251469423,16.09544845531806,52.11601021711292,0.45980717011628147,6.387812902180984,39.323811649921446,31.10481014092246,20.539654087256697,27.206631872845783,0.04562043795620438,0.02366504854368932,0.9543795620437956,0.9763349514563107,0.8470129305220282,2204,2196,1284,2192,12,0,6,0,9559,0,0.14202083333333743,1203,0.1508125000000003,381,0.1728125000000021,711,0.18343055555555493,281,SBP*
SBP,20480053,47.852223039904096,14.619001600066074,59.33099744820422,0.4925958183545726,5.969859169745349,41.77949459252191,32.59874813188922,26.4589338865771,30.350220841381937,0.032590051457975985,0.08279124778237729,0.967409948542024,0.9172087522176227,0.8664678734897168,2282,2274,1314,2267,15,0,7,1,9867,0,0.14686111111111544,1244,0.15358333333333363,388,0.18156250000000226,747,0.18734722222222155,287,SBP*
SBP,20487972,44.31920202657082,10.377298665120499,56.09240835858679,0.4361394283849846,6.0140620585773,47.191136593159456,36.61078577880668,12.965146540205328,27.74788027097434,0.026595744680851064,0.035561005518087066,0.973404255319149,0.964438994481913,0.8679686479382029,2198,2195,1316,2190,8,0,1,0,9781,0,0.14650694444444876,1241,0.16545833333333368,418,0.19250000000000247,792,0.18930555555555487,290,SBP*
SBP,20495891,52.526702419115495,16.66929501369463,64.68960234888853,0.5432752427482035,6.68493574759603,49.76235352622875,38.870512985524584,22.63465391224552,32.780956219931646,0.04844290657439446,0.05737704918032787,0.9515570934256056,0.9426229508196722,0.8894847703253937,2286,2286,1372,2282,4,0,0,0,10065,0,0.15276388888889347,1294,0.15833333333333366,400,0.17621527777777996,725,0.20431944444444358,313,SBP*
SBP,20503810,43.98182149464637,16.00703413067113,53.69599448128992,0.46965884314321643,7.555892261028932,45.29531300347557,35.56865817294808,13.882676068040757,27.3518926816399,0.06956521739130435,0.051328502415458936,0.9304347826086956,0.9486714975845411,0.8802790646143335,2241,2231,1361,2227,14,0,7,0,9983,0,0.14993055555556,1270,0.17020833333333368,430,0.18763888888889127,772,0.19779166666666587,303,SBP*
SBP,20511729,57.78791964568901,22.243084813686345,69.268370776503,0.6173230918601826,8.010513884845722,48.359633930395105,38.52680782920492,31.578221925579243,35.90161337906832,0.06284658040665435,0.05598570577724836,0.9371534195933456,0.9440142942227516,0.8730768317709161,2225,2220,1348,2216,9,1,4,0,9867,0,0.1491041666666711,1263,0.14804166666666696,374,0.1849652777777801,761,0.20301388888888805,311,SBP*
SBP,20519648,50.90160857135081,15.103163442612892,63.306585360565755,0.5213486875213145,6.71417479802953,52.3118339045738,40.6103144960481,18.02378655599114,32.19278053113357,0.06540447504302926,0.07724301841948901,0.9345955249569707,0.922756981580511,0.8842578477712654,2290,2264,1345,2246,44,2,21,11,10050,0,0.1520555555555601,1288,0.165854166666667,419,0.18715277777778014,770,0.19844444444444365,304,SBP*
SBP,20527567,42.21504925032351,15.687963825005879,51.01482292241864,0.4494872405984415,7.482703360069557,41.15432992553407,32.78955705016394,16.119222415955807,26.569986186072743,0.043557168784029036,0.0617876424715057,0.956442831215971,0.9382123575284943,0.8691261994904332,2226,2218,1320,2212,14,0,5,1,9792,0,0.1479236111111155,1253,0.15041666666666698,380,0.18763888888889127,772,0.1879999999999993,288,SBP*
SBP,20535486,32.018364607494874,9.553148418613972,39.6611701150523,0.3274454546421229,6.158072830611989,36.67838969708811,28.945294109407612,5.923621796903875,20.447800070152994,0.05150976909413854,0.024110910186859555,0.9484902309058615,0.9758890898131405,0.857598264111184,2237,2222,1300,2210,27,2,11,6,9702,0,0.14414583333333753,1221,0.15912500000000032,402,0.1759722222222244,724,0.1795138888888883,275,SBP*
SBP,20543405,43.93795643001014,14.579400306255046,53.61508753942384,0.45650719064541606,6.4836449717682285,43.15598239307953,34.0927222212339,16.60775096500656,27.55210126411495,0.04448398576512456,0.035630841121495324,0.9555160142348754,0.9643691588785047,0.8790585673335011,2285,2274,1359,2267,18,3,8,1,10074,0,0.1524097222222268,1291,0.15754166666666697,398,0.19152777777778024,788,0.19713888888888811,302,SBP*
SBP,20551324,55.176639702115075,20.020271371324185,67.09941767744331,0.5865585057142284,8.520125763165716,51.75604326742522,40.77794709289711,23.518159298193225,34.2283244290539,0.06338028169014084,0.057519472738166565,0.9366197183098591,0.9424805272618334,0.8837569252819025,2250,2237,1368,2231,19,0,12,0,10018,0,0.1530000000000046,1296,0.167041666666667,422,0.17913194444444666,737,0.21149999999999905,324,SBP*
SBP,20559243,50.150805477419404,23.47481578097345,59.86470495124931,0.574582279199407,7.683997091674257,45.23135195576459,35.21872399200717,25.314029193810555,31.539756682414744,0.061224489795918366,0.04885590599876314,0.9387755102040817,0.9511440940012369,0.8609086558411922,2221,2205,1303,2199,22,0,16,2,9672,0,0.14343750000000416,1215,0.1531875000000003,387,0.1832638888888912,754,0.1729861111111106,265,SBP*
SBP,20567162,37.910075480992184,10.359670257724751,46.811740706560535,0.37916357726199934,5.099755523745435,39.924984202297885,31.42832459285551,11.211593051075365,23.994421584099833,0.024208566108007448,0.04447115384615385,0.9757914338919925,0.9555288461538461,0.853566968125918,2209,2201,1280,2199,10,0,6,0,9581,0,0.1411944444444485,1196,0.15279166666666696,386,0.1825347222222245,751,0.17168055555555506,263,SBP*
SBP,20575081,32.90038089020514,7.822464687200632,41.71830155011447,0.3250447264018613,5.143413033099323,39.02885612509718,30.230475910492956,4.799243597272228,20.806869143574875,0.01415929203539823,0.0148975791433892,0.9858407079646018,0.9851024208566108,0.8402278720447364,2185,2176,1281,2168,17,1,7,2,9554,0,0.14095833333333738,1194,0.15516666666666698,392,0.17840277777778,734,0.19126388888888818,293,SBP*
SBP,20583000,41.73933049648046,9.611974767872974,51.90597286351895,0.4055909795984117,5.542299227651525,43.11243006951119,34.08948141413919,12.652683789892485,25.9963660948501,0.02448210922787194,0.03511904761904762,0.975517890772128,0.9648809523809524,0.868227015275761,2220,2211,1341,2209,11,0,7,0,9858,0,0.146979166666671,1245,0.15516666666666698,392,0.18666666666666903,768,0.21215277777777683,325,SBP*
SBP,20590919,36.982617219883466,9.354661086398027,46.34019740874819,0.367358222603173,5.960183273790828,42.17370293621255,33.011649023466894,6.774307842615368,23.175485619736342,0.021897810218978103,0.019159456118665017,0.9781021897810219,0.980840543881335,0.8434613435805219,2180,2166,1299,2162,18,0,12,1,9596,0,0.14473611111111534,1226,0.1531875000000003,387,0.1759722222222244,724,0.1951805555555548,299,SBP*
SBP,20598838,43.7611213307992,14.277523240991586,53.86067115723571,0.45574794760929954,6.589122268581197,43.411373311429095,34.03724062075321,16.87715992306964,27.709249204748087,0.03684210526315789,0.0341521869382864,0.9631578947368421,0.9658478130617136,0.871112895127377,2254,2239,1308,2234,20,0,13,0,9788,0,0.1454444444444487,1232,0.1567500000000003,396,0.18107638888889113,745,0.18995833333333262,291,SBP*
SBP,20606757,56.62790032412484,17.497094320226022,68.68578196328757,0.5749384843300769,7.522475346632491,54.00948728753699,43.07501449218862,22.986681439773683,35.50154599237239,0.07561436672967864,0.08662790697674419,0.9243856332703213,0.9133720930232558,0.885776430709536,2270,2249,1361,2233,37,1,17,9,10001,0,0.15193750000000456,1287,0.15477083333333364,391,0.18277777777778006,752,0.20040277777777696,307,SBP*
SBP,20614676,73.66624798471025,36.20811822393943,85.7017639044081,0.8340062746410076,10.682002180421822,57.6660994488734,46.257691446323605,46.061133897873,46.18377191860062,0.10424028268551237,0.10878186968838527,0.8957597173144877,0.8912181303116147,0.9233451584930827,2361,2331,1405,2307,54,1,26,22,10449,0,0.15701388888889367,1330,0.1749583333333337,442,0.19906250000000258,819,0.20888888888888799,320,SBP*
SBP,20622595,47.52920166392338,16.05465082760722,58.62005361225849,0.5006567759637512,7.934521088561841,47.84214411994756,37.449902161375896,17.266274654096087,29.9118437194229,0.047619047619047616,0.052095808383233536,0.9523809523809523,0.9479041916167664,0.8787170680442786,2275,2258,1346,2249,26,3,13,4,10023,0,0.1508750000000045,1278,0.165854166666667,419,0.1886111111111135,776,0.19909722222222143,305,SBP*
SBP,20630514,45.52294157521813,11.714820891126253,57.0479661615793,0.4538141840855076,6.464528730870843,48.976476989857595,38.18348921269018,12.322776185675247,28.462691127015482,0.05575539568345324,0.044063647490820076,0.9442446043165468,0.95593635250918,0.8670156053665594,2205,2190,1319,2187,18,0,13,1,9710,0,0.14638888888889318,1240,0.15991666666666698,404,0.17572916666666882,723,0.19191666666666593,294,SBP*
SBP,20638433,58.77481403791578,24.74326200260488,69.92132118325456,0.6424089720822955,7.840868670259131,47.928493486994185,38.04684872404279,34.15879207253368,36.58062713527067,0.054945054945054944,0.056920311563810666,0.945054945054945,0.9430796884361894,0.8726227441879231,2221,2215,1341,2213,8,0,4,0,9838,0,0.14957638888889332,1267,0.14883333333333362,376,0.18180555555555783,748,0.20497222222222136,314,SBP*
SBP,20646352,46.26819955420484,13.648208469919956,57.47082520216943,0.4727925654439442,7.035217826750315,47.8295396717349,37.42525050553309,15.353552174412133,29.20112219036571,0.0421792618629174,0.060770156438026475,0.9578207381370826,0.9392298435619735,0.8716407736800827,2258,2231,1325,2218,40,0,25,7,9870,0,0.14627083333333762,1239,0.14883333333333362,376,0.19152777777778024,788,0.19974999999999918,306,SBP*
SBP,20654271,33.39275307323991,10.927056160928883,40.74172428207767,0.34560776954869515,5.517089781442501,35.8741468507057,28.39129017827311,8.586812235328425,21.101159400761585,0.047706422018348627,0.026410564225690276,0.9522935779816514,0.9735894357743097,0.8652290180441787,2221,2211,1288,2207,14,0,9,0,9661,0,0.14438194444444866,1223,0.15833333333333366,400,0.1764583333333355,726,0.1879999999999993,288,SBP*
SBP,20662190,74.8926441438493,26.519129881048677,91.05535862502201,0.7901443249359197,9.563797317528836,67.66046318144959,53.110590226149085,35.60026116065001,46.48401905064668,0.09187279151943463,0.09208972845336481,0.9081272084805654,0.9079102715466352,0.901738530798946,2264,2260,1376,2252,12,1,3,3,10130,0,0.151819444444449,1286,0.168229166666667,425,0.19541666666666918,804,0.2082361111111102,319,SBP*
SBP,20670109,55.58720835331927,16.76362935416175,68.44451618922174,0.5674892384582594,7.247495697906776,51.077836616808305,40.19288230994898,25.58143686930153,34.720657718440606,0.05693950177935943,0.05584950029394474,0.9430604982206405,0.9441504997060552,0.8936779235391551,2264,2263,1355,2259,5,0,0,0,9999,0,0.1500486111111156,1271,0.165854166666667,419,0.18156250000000226,747,0.20236111111111027,310,SBP*
SBP,20678028,17.988331554162812,5.135096405143284,22.397954794614247,0.18269547887824153,3.711298948251975,20.93224329594914,16.529530165547314,2.715464662741323,11.4237069660267,0.005535055350553505,0.005703422053231939,0.9944649446494465,0.9942965779467681,0.8155944367319335,2128,2120,1243,2114,14,1,7,2,9294,0,0.13859722222222617,1174,0.14645833333333363,370,0.17232638888889099,709,0.1879999999999993,288,SBP*
SBP,20685947,60.07922068488997,23.52781611705715,72.17028835516254,0.646868004601726,8.33052849297384,54.06141741741469,42.64878784400415,28.962392221199217,37.52014948424979,0.058098591549295774,0.06440281030444965,0.9419014084507042,0.9355971896955504,0.8912713253860598,2278,2276,1364,2273,5,0,0,0,10011,0,0.151819444444449,1286,0.15516666666666698,392,0.17791666666666886,732,0.19844444444444365,304,SBP*
SBP,20693866,55.253496411264706,22.700390646926923,66.46579494631808,0.6058366440181718,8.725732540590727,50.47073662212871,39.74380834960412,25.398436711778135,34.298324467017984,0.07167832167832168,0.06529625151148731,0.9283216783216783,0.9347037484885127,0.870668181675208,2248,2226,1362,2221,27,1,18,1,9997,0,0.15099305555556006,1279,0.15714583333333365,397,0.19152777777778024,788,0.20888888888888799,320,SBP*
SBP,20701785,43.18819918792338,12.930371458911592,53.93990108299481,0.4446523877138025,7.118103449858505,48.28095646333666,37.60636491781895,11.134890111921823,27.85806769372792,0.05199306759098787,0.02912621359223301,0.9480069324090121,0.970873786407767,0.868492128796843,2248,2225,1297,2197,51,1,20,25,9807,0,0.1475694444444488,1250,0.16031250000000033,405,0.18350694444444673,755,0.18930555555555487,290,SBP*
SBP,20709704,36.75381176571113,12.047917462910716,44.61810651414255,0.3790080650468027,7.299747216379444,38.83435672921381,31.21231434023725,9.431116221280993,23.163678224468,0.04081632653061224,0.013601419278533412,0.9591836734693877,0.9863985807214666,0.8680483490366512,2235,2230,1307,2224,11,0,3,2,9710,0,0.1454444444444487,1232,0.1520000000000003,384,0.1747569444444466,719,0.1821249999999994,279,SBP*
SBP,20717623,39.83496374523554,7.753096425221669,50.50282078575266,0.38032613505354035,5.469071173555917,46.56259803356537,36.28921631856301,6.266382556041908,25.270151429113316,0.029197080291970802,0.018856447688564478,0.9708029197080292,0.9811435523114356,0.8396027837983283,2205,2192,1271,2184,21,0,12,1,9534,0,0.14178472222222632,1201,0.15041666666666698,380,0.17548611111111326,722,0.1795138888888883,275,SBP*
SBP,20725542,55.0479312743473,20.189785883393192,66.65344746059574,0.584805953579872,9.098142578510755,52.886638846727664,41.97826566132672,23.461309403969498,35.190098961600455,0.08170515097690942,0.07955215085444903,0.9182948490230906,0.920447849145551,0.8665260908745992,2275,2260,1308,2234,41,2,10,18,9893,0,0.1466250000000043,1242,0.15872916666666698,401,0.18302083333333563,753,0.20497222222222136,314,SBP*
SBP,20733461,30.91527232715049,7.175100664452193,38.73659036421827,0.3020791827678088,4.49269651214143,34.401464339862116,26.99299657371255,6.754265145586453,19.423850757670014,0.02040816326530612,0.007330482590103849,0.9795918367346939,0.9926695174098962,0.8470585919698961,2193,2176,1300,2171,22,0,15,0,9663,0,0.1456805555555598,1234,0.161104166666667,407,0.18229166666666893,750,0.1879999999999993,288,SBP*
SBP,20741380,34.59246852131863,10.265403947424737,42.27079110050248,0.34983917705296763,5.709584682610438,37.14135639969154,29.647975820378218,9.439203665644474,22.041465762709908,0.030828516377649325,0.022919179734620022,0.9691714836223507,0.97708082026538,0.856800454108736,2193,2177,1314,2155,38,0,13,15,9733,0,0.14733333333333767,1248,0.16070833333333365,406,0.18399305555555787,757,0.1925694444444437,295,SBP*
SBP,20749299,44.16554905844907,12.799425537442799,55.390917670957705,0.45238131853223135,7.17923444578977,46.48381920075527,36.122020717542746,13.582111653399876,27.779780239257384,0.04576271186440678,0.032766990291262135,0.9542372881355932,0.9672330097087378,0.8669963989324289,2241,2238,1315,2231,10,0,2,1,9824,0,0.146979166666671,1245,0.14645833333333363,370,0.1898263888888913,781,0.19713888888888811,302,SBP*
SBP,20757218,47.69633439710321,14.691077361336157,58.33868285449209,0.48702050813069575,6.099909095854884,46.38243797701494,36.59535670933982,20.13664384345828,30.60216094731945,0.028037383177570093,0.057588482303539294,0.9719626168224299,0.9424115176964607,0.8462858460491837,2217,2202,1261,2186,31,1,13,11,9564,0,0.14131250000000406,1197,0.1555625000000003,393,0.17572916666666882,723,0.18473611111111046,283,SBP*
SBP,20765137,33.38577093820486,9.408945479122938,41.9394258616851,0.3400651146804558,5.813653730863047,37.556224718074844,29.21427130956427,7.052208277526987,20.818510870182855,0.027586206896551724,0.028272894898586354,0.9724137931034482,0.9717271051014137,0.8689341915773594,2223,2207,1346,2202,21,0,13,3,9869,0,0.1502847222222267,1273,0.14566666666666694,368,0.18763888888889127,772,0.20693055555555467,317,SBP*
SBP,20773056,40.30434082691305,13.178863611196581,49.72943201470229,0.4208285080176192,6.089716491750043,41.458211941075675,32.354070255313836,13.68451825984747,25.475539785475814,0.024054982817869417,0.03335318642048839,0.9759450171821306,0.9666468135795117,0.8652902280258221,2274,2261,1319,2257,17,0,11,0,9844,0,0.14686111111111544,1244,0.15714583333333365,397,0.17086805555555762,703,0.2036666666666658,312,SBP*
SBP,20780975,36.88085906325486,11.380877893287797,45.57720522517068,0.37969625486530517,6.438684547375024,41.70505013687792,32.738220859188175,8.402786731063369,23.863760550356332,0.06701940035273368,0.03367408298256164,0.9329805996472663,0.9663259170174383,0.8494253031936415,2245,2230,1280,2206,39,0,13,16,9651,0,0.14509027777778202,1229,0.1381458333333336,349,0.17256944444444655,710,0.19387499999999924,297,SBP*
SBP,20788894,28.08680206116935,8.85846070982046,34.6786963115699,0.29059570726750805,5.410684187202566,29.300186351453043,23.201440398758002,8.351077721569187,17.668448128555756,0.02882882882882883,0.0253242742433601,0.9711711711711711,0.9746757257566399,0.8442674080920543,2186,2174,1291,2170,16,0,9,1,9558,0,0.14379166666667084,1218,0.1555625000000003,393,0.17232638888889099,709,0.18343055555555493,281,SBP*
SBP,20796813,25.739775453459043,5.789852341138949,32.51498474646919,0.2511934206784993,4.018440657615803,29.522640208853847,23.057289902447565,4.744763162051507,16.19076032514701,0.014732965009208104,0.008130081300813009,0.9852670349907919,0.991869918699187,0.8352308338761554,2148,2142,1285,2134,14,1,4,0,9487,0,0.14461805555555976,1225,0.15477083333333364,391,0.17232638888889099,709,0.18669444444444377,286,SBP*
SBP,20804732,45.570741914084955,15.604881755305994,55.70652395674131,0.47836042398404444,7.722459580233519,47.129520026947915,37.18753728604148,13.947709254202334,28.470108230321546,0.056261343012704176,0.05327617881200245,0.9437386569872959,0.9467238211879976,0.8640627548637558,2191,2184,1311,2180,11,1,5,0,9670,0,0.1475694444444488,1250,0.15279166666666696,386,0.17815972222222443,733,0.1879999999999993,288,SBP*
SBP,20812651,53.53677531480246,17.07095300076897,66.42253464211717,0.5575709706271892,7.082047448934718,52.75349963940924,40.855044217167766,21.030751946957103,33.353370414009014,0.04931972789115646,0.05632115038945476,0.9506802721088435,0.9436788496105453,0.8885942124537667,2273,2257,1374,2252,21,0,15,0,10055,0,0.15323611111111574,1298,0.15002083333333363,379,0.18229166666666893,750,0.21802777777777677,334,SBP*
SBP,20820570,30.60151520026327,6.533708623034682,38.6291662297983,0.29586757676570324,4.761471332708356,35.1786623401806,27.58151820802267,5.329823740304164,19.20287430874096,0.026365348399246705,0.0219435736677116,0.9736346516007532,0.9780564263322884,0.8366639076761997,2138,2126,1284,2119,19,0,10,1,9375,0,0.14284722222222637,1210,0.13141666666666693,332,0.17208333333333542,708,0.18081944444444384,277,SBP*
SBP,20828489,36.803282975928276,7.072523317721688,46.14671359422075,0.34897361552654066,4.969234553065295,40.56488361142602,32.03314946067382,9.01344125158413,23.53201160451,0.027079303675048357,0.025,0.9729206963249516,0.975,0.8412724283929789,2175,2157,1263,2137,38,1,14,16,9487,0,0.1415486111111152,1199,0.15279166666666696,386,0.18107638888889113,745,0.17559722222222168,269,SBP*
SBP,20836408,60.28209944651744,14.62193621546209,74.94312342236579,0.5911971227656024,7.620472488884815,55.497558015890974,43.892289520525445,26.742656550055727,37.36792097842103,0.05350553505535055,0.08913813459268005,0.9464944649446494,0.91086186540732,0.8886488992392154,2245,2236,1373,2230,15,1,6,1,9992,0,0.15252777777778237,1292,0.15002083333333363,379,0.1856944444444468,764,0.20497222222222136,314,SBP*
SBP,20844327,32.46149586780956,9.145941789680801,39.96326491511641,0.3261716988046376,5.480930711227305,35.02452070924501,27.85556100344496,8.049940097484226,20.494528134080216,0.0335195530726257,0.03281622911694511,0.9664804469273743,0.9671837708830548,0.8561912294012686,2217,2213,1309,2206,11,0,4,1,9711,0,0.14638888888889318,1240,0.15002083333333363,379,0.18277777777778006,752,0.17886111111111053,274,SBP*
SBP,20852246,34.20042750001346,7.33037027590578,43.56500784820027,0.33236559371521635,4.871733526395508,37.97043131373852,29.440794909157134,8.358767434760809,21.482191686477428,0.019927536231884056,0.016352201257861635,0.980072463768116,0.9836477987421384,0.8398894520522187,2157,2142,1299,2132,25,0,13,3,9577,0,0.1454444444444487,1232,0.162291666666667,410,0.17378472222222435,715,0.19909722222222143,305,SBP*
SBP,20860165,39.90727797265982,13.157568348842629,49.12675788006561,0.4168730422693423,6.49541949887345,40.799671964740476,32.02306817017202,13.459392487509717,25.113789915226025,0.035842293906810034,0.04004929143561306,0.96415770609319,0.9599507085643869,0.8605591096246269,2189,2181,1293,2177,12,0,8,0,9571,0,0.1445000000000042,1224,0.15754166666666697,398,0.16819444444444645,692,0.18538888888888824,284,SBP*
SBP,20868084,40.03911270474946,10.297918738994166,49.48589291367898,0.39572051516917245,4.777344176068966,40.793036124583914,32.11038760817615,12.961746617169378,24.81308557706201,0.022770398481973434,0.04159132007233273,0.9772296015180265,0.9584086799276673,0.8684680590075315,2198,2186,1346,2182,16,0,12,0,9840,0,0.1487500000000044,1260,0.161104166666667,407,0.18934027777778017,779,0.19648611111111033,301,SBP*
SBP,20876003,54.62955109282587,16.269421928145196,67.16399527117404,0.5554181180975531,8.880640227526905,56.46116962958779,44.576841213995834,18.536375477183807,34.98534436773464,0.06727272727272728,0.06174334140435835,0.9327272727272727,0.9382566585956417,0.8594581354773462,2223,2202,1284,2152,71,1,17,43,9765,0,0.1466250000000043,1242,0.15358333333333363,388,0.1849652777777801,761,0.21149999999999905,324,SBP*
SBP,20883922,38.53111267568841,9.066513592587429,48.79323783921081,0.3796436811651218,5.748980432544727,43.804146263376666,33.939292390255105,7.633952465212373,24.126137820184194,0.023131672597864767,0.0361145703611457,0.9768683274021353,0.9638854296388543,0.8456509723840406,2170,2168,1290,2164,6,0,0,1,9548,0,0.14438194444444866,1223,0.14883333333333362,376,0.1747569444444466,719,0.1932222222222215,296,SBP*
SBP,20891841,35.4738207795035,10.325288592287679,44.09793469551138,0.3615312882067733,6.209363009975888,37.988177134228145,29.8449462545924,9.308677439256822,22.164288264784037,0.03723404255319149,0.023213194868662187,0.9627659574468085,0.9767868051313379,0.8597582596757558,2202,2201,1315,2193,9,0,0,1,9681,0,0.14509027777778202,1229,0.14883333333333362,376,0.1771875000000022,729,0.19387499999999924,297,SBP*
SBP,20899760,26.47540868812282,8.7487372565549,32.27385261433662,0.2745378782659451,5.3322743935242345,28.776221513825913,23.011316484243533,5.847285515817533,16.565392014088847,0.03238095238095238,0.024844720496894408,0.9676190476190476,0.9751552795031055,0.8397819962960297,2136,2135,1284,2130,6,0,0,0,9517,0,0.1436736111111153,1217,0.15477083333333364,391,0.1788888888888911,736,0.20758333333333243,318,SBP*
SBP,20907679,45.621097018838725,14.263113882687891,56.56809673220562,0.4724452606142607,6.635722314425318,47.52913475837076,36.97418819335058,15.3459758555308,28.869014075321594,0.04247787610619469,0.04495073891625616,0.9575221238938053,0.9550492610837439,0.8588042991406424,2205,2189,1312,2168,37,2,11,17,9729,0,0.146979166666671,1245,0.14447916666666696,365,0.18812500000000237,774,0.1932222222222215,296,SBP*
SBP,20915598,26.001373825237792,4.845552118266578,33.003461343933274,0.24680196046511077,3.7582389957027953,31.579501668895517,24.677791516345298,2.0908546358902735,16.180542425501038,0.007766990291262136,0.0019218449711723255,0.9922330097087378,0.9980781550288277,0.8147207718588435,2077,2076,1252,2071,6,0,0,0,9216,0,0.13954166666667064,1182,0.14012500000000028,354,0.17572916666666882,723,0.186041666666666,285,SBP*
SBP,20923517,39.73325420531856,10.977521060573624,49.26247728718319,0.3994187752551632,5.917722789237334,41.68293663271717,32.788692663746524,12.22639676739013,25.325596164901334,0.026455026455026454,0.0396964389959136,0.9735449735449735,0.9603035610040864,0.8649728578004297,2288,2280,1299,2278,10,0,6,0,9834,0,0.14461805555555976,1225,0.16387500000000033,414,0.17743055555555776,730,0.18538888888888824,284,SBP*
SBP,20931436,40.97415527394433,13.26139726019856,49.85234583518689,0.42189278055318064,6.141359161742333,43.01857505084799,34.074032544962215,11.969400387108774,25.814949708268532,0.05103969754253308,0.04055690072639225,0.9489603024574669,0.9594430992736077,0.8593955027062224,2199,2181,1301,2172,27,0,17,4,9657,0,0.14438194444444866,1223,0.14487500000000028,366,0.18545138888889123,763,0.19779166666666587,303,SBP*
SBP,20939355,57.962261625301714,21.137409135603765,69.67225655926424,0.6105143305525846,8.633733237318982,54.20847817877582,43.21194623952888,24.82854769046124,36.39145412408608,0.07692307692307693,0.06682577565632458,0.9230769230769231,0.9331742243436754,0.8646327841454045,2210,2209,1303,2205,5,0,1,0,9713,0,0.1445000000000042,1224,0.17693750000000036,447,0.1747569444444466,719,0.18343055555555493,281,SBP*
SBP,20947274,27.772257135508852,9.211016370595317,33.68737781883295,0.28708536670158713,5.270151432934704,28.509371552292784,22.903231274421806,8.210349247509043,17.424745612665788,0.036328871892925434,0.023100303951367782,0.9636711281070746,0.9768996960486322,0.843149045035068,2171,2168,1289,2160,11,0,2,1,9520,0,0.1448541666666709,1227,0.13735416666666694,347,0.17500000000000215,720,0.1906111111111104,292,SBP*
SBP,20955193,36.21642073198516,8.612311020558135,45.457871276321036,0.3558061090026768,5.438672402415983,39.79553251788765,31.1783395899029,8.255031360235133,22.451627724948683,0.02411873840445269,0.014906832298136646,0.9758812615955473,0.9850931677018634,0.8565872988457823,2165,2149,1321,2145,20,0,16,1,9628,0,0.14438194444444866,1223,0.1555625000000003,393,0.1820486111111134,749,0.1886527777777771,289,SBP*
SBP,20963112,42.61777600603641,13.383706338759405,51.93928780952271,0.43604198315331466,7.072622085488619,42.652613194496254,34.07202473465056,15.003849808638313,26.914797533522975,0.04638218923933209,0.07370283018867925,0.9536178107606679,0.9262971698113207,0.8692925200087798,2246,2235,1343,2217,29,1,9,12,9957,0,0.15146527777778232,1283,0.16347916666666698,413,0.18302083333333563,753,0.20431944444444358,313,SBP*
SBP,20971031,38.32846575202043,9.726650062228266,47.31461077925342,0.37753758047596864,5.9498051827257425,41.482428835381896,32.970435425553404,8.93415482198371,24.019862403594736,0.027131782945736434,0.029304029304029304,0.9728682170542635,0.9706959706959707,0.8479133787896679,2156,2154,1278,2150,6,1,0,0,9438,0,0.14261111111111524,1208,0.14329166666666696,362,0.17135416666666875,705,0.18343055555555493,281,SBP*
SBP,20978950,83.46675333254504,43.61374141279111,97.0322808452759,0.9724467615592016,11.735883231460923,63.629367540482406,50.490378960113134,54.166202369206694,51.87975848054338,0.12100840336134454,0.0660968660968661,0.8789915966386554,0.9339031339031338,0.9175770803372995,2354,2350,1428,2343,11,0,1,3,10518,0,0.16067361111111605,1361,0.17377083333333368,439,0.20416666666666924,840,0.19648611111111033,301,SBP*
SBP,20986869,25.223558997186434,8.344548512132226,31.41041434415179,0.26615186004759156,5.415721702625034,28.127669181895563,22.03928801865104,5.601768411176399,15.915321184408187,0.034129692832764506,0.0125,0.9658703071672355,0.9875,0.8492064833093401,2197,2186,1298,2181,16,0,9,1,9598,0,0.14414583333333753,1221,0.1484375000000003,375,0.1764583333333355,726,0.18343055555555493,281,SBP*
SBP,20994788,43.58113675551794,13.528714417496904,54.05676481401228,0.45059817138307706,6.468052893256266,43.07610306041915,33.59379860871456,16.610712452948025,27.235455406641336,0.042328042328042326,0.02836004932182491,0.9576719576719577,0.9716399506781751,0.860431810950463,2194,2189,1310,2182,12,0,5,1,9712,0,0.14686111111111544,1244,0.1508125000000003,381,0.1820486111111134,749,0.20693055555555467,317,SBP*
SBP,21002707,51.158431684303515,16.74472070276441,63.08293944082465,0.5340458938392003,7.84848111751402,51.95439003506243,40.60039368004997,18.025238082822707,32.23946186775866,0.045454545454545456,0.03696969696969697,0.9545454545454546,0.963030303030303,0.8501186348087328,2233,2222,1307,2215,18,1,10,2,9653,0,0.14414583333333753,1221,0.1472500000000003,372,0.17135416666666875,705,0.17429166666666615,267,SBP*
SBP,21010626,38.203195852602995,10.548325337431143,47.527315337476644,0.38485302393685106,5.522064332980828,37.427837031795406,29.38315773808259,14.718411299215413,23.890588669174274,0.033928571428571426,0.030102347983142687,0.9660714285714286,0.9698976520168573,0.8580041246419932,2227,2221,1330,2213,14,0,4,1,9888,0,0.14686111111111544,1244,0.17258333333333367,436,0.18763888888889127,772,0.2036666666666658,312,SBP*
SBP,21018545,52.14988519396025,16.516777148132213,65.37431624690387,0.5463486386105876,8.313499111976144,54.99569970186662,42.39024499712572,16.138174286100774,32.45028310038972,0.06666666666666667,0.043773119605425403,0.9333333333333333,0.9562268803945746,0.8778268509689853,2225,2222,1354,2213,12,0,2,1,9940,0,0.15063888888889337,1276,0.16308333333333366,412,0.19298611111111358,794,0.18669444444444377,286,SBP*
SBP,21026464,37.140014293405905,9.609656678368394,46.4505238207744,0.37021448809823126,5.943409746464871,40.319097982717096,31.612456005195053,9.360319373233414,23.30179687203398,0.0375,0.026650514839491216,0.9625,0.9733494851605088,0.8667248876667604,2227,2211,1318,2204,23,0,15,0,9808,0,0.1479236111111155,1253,0.1555625000000003,393,0.18593750000000234,765,0.20040277777777696,307,SBP*
SBP,21034383,39.95222107462027,8.194281449386116,49.624213331861895,0.3807599143620197,5.522861351324461,44.11201974844574,35.10729995935763,8.058855662268263,24.936411942640405,0.031067961165048542,0.026004728132387706,0.9689320388349515,0.9739952718676123,0.8637553616324795,2217,2207,1330,2206,11,0,7,0,9751,0,0.1457986111111154,1235,0.14922916666666697,377,0.17937500000000223,738,0.19779166666666587,303,SBP*
WSEPT,20250402,50.125953214125865,4.043181516340882,65.80054825485436,0.44337120521305806,1.7482384296581532,63.4688957781918,47.80402663801637,3.9606968343524533,31.653121176441573,0.0,0.1700640652300524,1.0,0.8299359347699475,0.8876073663332347,2317,2301,1342,2297,20,0,15,0,10029,0,0.1478055555555599,1252,0.171791666666667,434,0.1771875000000022,729,0.1932222222222215,296,WSEPT
WSEPT,20258321,49.5278742208426,3.8345714921308582,65.09764744631109,0.4370958221082266,1.8241068098998592,63.13366860481408,47.54556157727993,3.3342925836124584,31.21909634754619,0.0,0.18247298919567828,1.0,0.8175270108043218,0.861369963418713,2243,2234,1308,2231,12,0,7,0,9733,0,0.14461805555555976,1225,0.1417083333333336,358,0.18229166666666893,750,0.1906111111111104,292,WSEPT
WSEPT,20266240,46.82912197357679,3.835249886596283,61.14349260938376,0.4141917634501672,2.0127348428154246,59.272946647204,45.02735359132611,3.6780673592666617,29.494325108668686,0.0,0.1632413388138579,1.0,0.8367586611861421,0.8963956865351017,2281,2267,1364,2258,23,0,14,1,10106,0,0.15347222222222684,1300,0.15991666666666698,404,0.19298611111111358,794,0.20497222222222136,314,WSEPT
WSEPT,20274159,41.75464997179216,3.6731755204044045,55.48359355083324,0.37228875584122045,1.7203336173491999,53.581773631953276,39.871545549097895,3.337912692008602,26.442350388742888,0.0,0.1452104942037828,1.0,0.8547895057962172,0.8531995991497446,2234,2228,1295,2219,15,0,5,0,9693,0,0.14284722222222637,1210,0.161104166666667,407,0.17572916666666882,723,0.186041666666666,285,WSEPT
WSEPT,20282078,53.00991359899408,3.8273529617585536,70.77681947512461,0.46714164805952335,1.9456309451777207,68.58180730054882,50.88431533610653,3.546805821417819,33.188050096970564,0.0,0.21398684997011358,1.0,0.7860131500298864,0.8945586508857098,2293,2278,1360,2276,17,0,12,1,10051,0,0.15016666666667114,1272,0.14645833333333363,370,0.19517361111111362,803,0.19583333333333255,300,WSEPT
WSEPT,20289997,52.20081091058781,4.124187759167882,68.52202615018425,0.4611379747950807,1.9657429518854208,66.36221548603069,50.08618396641156,3.9732909108979912,32.714888637279714,0.0,0.19791666666666666,1.0,0.8020833333333334,0.8743967083186598,2206,2184,1320,2178,28,0,20,1,9778,0,0.14721527777778212,1247,0.15872916666666698,401,0.18909722222222464,778,0.19974999999999918,306,WSEPT
WSEPT,20297916,36.57210700832304,3.918317218874376,47.8181846725858,0.3298619962179899,1.795274266423269,45.452988444197764,34.289826341311944,4.089422044003378,22.929253442438156,0.0,0.09736680955296999,1.0,0.90263319044703,0.8671029117002773,2210,2194,1323,2186,24,0,14,0,9769,0,0.14851388888889328,1258,0.16783333333333367,424,0.17913194444444666,737,0.186041666666666,285,WSEPT
WSEPT,20305835,24.093346633310993,3.2662431582026747,30.728303336943288,0.22050636291070325,1.7124801654332644,28.905324437019736,22.33456281005646,2.9518020695596636,15.162487407249667,0.0,0.051470588235294115,1.0,0.9485294117647058,0.8323462570681746,2153,2152,1264,2144,9,0,0,0,9454,0,0.14013194444444846,1187,0.15833333333333366,400,0.17815972222222443,733,0.186041666666666,285,WSEPT
WSEPT,20313754,36.62725906826363,3.6741390055487977,47.304148475122986,0.3277050223639439,1.762938633884788,45.66317627311469,34.92981480087152,2.977144306143909,23.09448778400724,0.0,0.09934562760261749,1.0,0.9006543723973826,0.8653846725098207,2237,2225,1309,2223,14,0,9,0,9755,0,0.1448541666666709,1227,0.1567500000000003,396,0.18107638888889113,745,0.19126388888888818,293,WSEPT
WSEPT,20321673,43.34031441337035,4.119145735689191,57.3159586953542,0.3882234054107626,1.734143068145151,55.193319436430556,41.15001460563737,3.69759359635132,27.031995194417814,0.0,0.12192040429564119,1.0,0.8780795957043588,0.8448142446885608,2164,2147,1299,2143,21,0,16,1,9558,0,0.14379166666667084,1218,0.14962500000000029,378,0.1825347222222245,751,0.186041666666666,285,WSEPT
WSEPT,20329592,43.268868685058116,4.01228402946539,56.02963500470297,0.3851809925501027,1.7846328255572412,54.23247831379723,41.37737996633795,3.6205759784576954,27.31302444998347,0.0,0.11647555823777912,1.0,0.8835244417622209,0.8482449717811594,2228,2195,1303,2189,39,1,29,0,9653,0,0.1457986111111154,1235,0.156354166666667,395,0.16892361111111315,695,0.186041666666666,285,WSEPT
WSEPT,20337511,33.11446991823448,3.177775731072193,43.41224254276586,0.2962872362225674,1.6963015466399272,42.121169907612135,31.808320125932884,2.919432680048098,21.140090881555736,0.0,0.09045539613225202,1.0,0.9095446038677479,0.8308483593116838,2171,2152,1260,2145,26,0,17,1,9360,0,0.14048611111111514,1190,0.15041666666666698,380,0.16722222222222421,688,0.15862499999999966,243,WSEPT
WSEPT,20345430,55.152090538422335,3.780579581873336,70.94709361324604,0.4818269586383788,1.8251323281232186,68.78068294781656,53.01760488712643,3.8356120602694004,34.6088567302725,0.0,0.15835777126099707,1.0,0.841642228739003,0.8795440292807264,2255,2230,1334,2224,31,0,25,1,9877,0,0.1500486111111156,1271,0.1520000000000003,384,0.1808333333333356,744,0.20040277777777696,307,WSEPT
WSEPT,20353349,36.06291066905968,3.9612320706674815,47.40221129396868,0.3263740419393348,1.8131038497873362,45.548925646939146,34.14821642279512,3.4416459583155157,22.727404133667523,0.0,0.10687960687960688,1.0,0.8931203931203932,0.8596016422927176,2228,2202,1304,2199,29,0,26,0,9672,0,0.14461805555555976,1225,0.15516666666666698,392,0.17694444444444662,728,0.177555555555555,272,WSEPT
WSEPT,20361268,77.6285769772965,3.711166852033071,101.18614003585911,0.6693274988825955,1.7552005391628542,98.79810147199753,75.43020619966568,3.492192926798431,48.05610151491577,0.0,0.28785158587672055,1.0,0.7121484141232794,0.8803417945421433,2204,2201,1352,2193,11,0,1,0,9866,0,0.151819444444449,1286,0.16862500000000033,426,0.17815972222222443,733,0.19387499999999924,297,WSEPT
WSEPT,20369187,44.01015961489124,4.076543332063632,58.50000428469742,0.39388506924936956,1.7983615506434147,56.38041227621079,41.861537230735316,3.591015047714236,27.414117723384017,0.0,0.13790970933828076,1.0,0.8620902906617193,0.8762714761399766,2212,2203,1336,2201,11,0,7,0,9779,0,0.14627083333333762,1239,0.15595833333333364,394,0.18229166666666893,750,0.19191666666666593,294,WSEPT
WSEPT,20377106,34.44411335958232,3.4352972376681676,43.90917643833637,0.3071184073726466,1.7545072758473585,42.04455847289837,32.62128683012585,2.9749432052513276,21.488991035391532,0.0,0.07151442307692307,1.0,0.9284855769230769,0.8554024280013658,2174,2172,1306,2168,6,0,0,0,9589,0,0.14284722222222637,1210,0.15279166666666696,386,0.17548611111111326,722,0.19452777777777702,298,WSEPT
WSEPT,20385025,40.64803907593433,3.775938811695953,53.894013895461825,0.3636827368867128,1.6386215011716312,51.72545213870451,38.44400041908905,3.706018597493749,25.564618584215864,0.0,0.1327217125382263,1.0,0.8672782874617737,0.8596381323537136,2238,2225,1311,2221,17,0,11,0,9729,0,0.1436736111111153,1217,0.15120833333333364,382,0.1764583333333355,726,0.19844444444444365,304,WSEPT
WSEPT,20392944,37.06681982207653,3.348568000521397,49.31425658237234,0.33119559347691796,1.601923529988691,47.67881767557902,35.408927438966124,3.241186248391362,23.421713295301977,0.0,0.08753993610223643,1.0,0.9124600638977636,0.8377697480344578,2164,2133,1267,2128,36,0,28,0,9406,0,0.14131250000000406,1197,0.14685416666666695,371,0.17451388888889102,718,0.1795138888888883,275,WSEPT
WSEPT,20400863,50.79029356943543,3.91887699154353,65.53233229322859,0.4466938505988557,1.8032183193333924,63.334686116412406,48.625421026404695,3.580455172978134,31.739850027718,0.0,0.15795654726952438,1.0,0.8420434527304757,0.878288015955287,2240,2238,1342,2236,4,0,0,0,9879,0,0.14945833333333777,1266,0.161104166666667,407,0.18277777777778006,752,0.18081944444444384,277,WSEPT
WSEPT,20408782,49.267701768898895,3.854875632083283,63.89126990429034,0.43403829121313514,1.692848517553011,62.235141958227736,47.54041054058824,3.46262795215063,31.038623353972753,0.0,0.1445221445221445,1.0,0.8554778554778555,0.8910608761411185,2293,2266,1356,2258,35,0,26,2,10002,0,0.1502847222222267,1273,0.1508125000000003,381,0.17694444444444662,728,0.21606944444444345,331,WSEPT
WSEPT,20416701,57.65867437214477,4.093657144239518,74.17215911086095,0.5046049597508399,1.8032773312905082,72.2213128428715,55.64859935127724,3.6248535201285903,36.15447413784397,0.0,0.24420677361853832,1.0,0.7557932263814617,0.8702303355613371,2216,2201,1319,2194,22,0,15,2,9708,0,0.1478055555555599,1252,0.13972916666666693,353,0.1808333333333356,744,0.186041666666666,285,WSEPT
WSEPT,20424620,45.40864504811879,3.373828693563913,60.285698643646846,0.40045377687694933,1.7473729093599668,58.40435734794514,43.60858434169041,2.9403351086839513,28.44356244510289,0.0,0.16194581280788178,1.0,0.8380541871921182,0.8544884832320988,2201,2198,1307,2192,9,0,3,2,9679,0,0.14556250000000426,1233,0.14368750000000027,363,0.18690972222222457,769,0.18408333333333268,282,WSEPT
WSEPT,20432539,37.43718303494644,3.6729152934144413,48.54086839961133,0.3347003699095673,1.734314496088251,46.84885177597931,35.69926361527397,3.4617493570863216,23.761163954821168,0.0,0.10820668693009118,1.0,0.8917933130699088,0.8590642568616064,2214,2185,1285,2178,36,0,28,1,9557,0,0.14284722222222637,1210,0.14131250000000029,357,0.1728125000000021,711,0.19126388888888818,293,WSEPT
WSEPT,20440458,31.895585547665007,3.666409245483527,41.41746503934242,0.2889158380414115,1.711112419434917,39.44556016099014,29.936479330118228,3.628991721972108,20.10320466890469,0.0,0.0689245395127748,1.0,0.9310754604872252,0.8774077575425365,2274,2250,1343,2244,30,0,23,0,9944,0,0.15146527777778232,1283,0.15912500000000032,402,0.1820486111111134,749,0.18538888888888824,284,WSEPT
WSEPT,20448377,31.16565293978365,3.4547153308862537,41.647539702208284,0.2834171372965979,1.6687263519741098,39.701107444279344,29.27767734297966,3.0952844372813826,19.499894826392772,0.0,0.0932741116751269,1.0,0.9067258883248731,0.8467333753944013,2172,2171,1294,2168,4,0,0,0,9570,0,0.14390972222222642,1219,0.14804166666666696,374,0.1764583333333355,726,0.19974999999999918,306,WSEPT
WSEPT,20456296,54.00826695140689,3.8813065570513645,71.32317275449712,0.4749808862944202,1.8657687495577486,69.72144539781142,52.35583051788493,3.6223980425469713,34.06000262611984,0.0,0.1744186046511628,1.0,0.8255813953488372,0.8616599861685512,2235,2196,1320,2189,46,0,39,1,9772,0,0.14627083333333762,1239,0.161104166666667,407,0.1788888888888911,736,0.19648611111111033,301,WSEPT
WSEPT,20464215,33.496189033623665,3.4472683309269225,43.30044460536283,0.3003364180666491,1.4681103225136858,41.549526541551515,31.688821989070327,3.2333749346400285,20.99410146700456,0.0,0.07955251709136109,1.0,0.9204474829086389,0.8302930120255926,2152,2134,1285,2130,22,0,15,0,9526,0,0.1400138888888929,1186,0.16347916666666698,413,0.1801041666666689,741,0.2062777777777769,316,WSEPT
WSEPT,20472134,41.9042225155902,4.196166636287425,54.48888428286056,0.3754518464961913,1.7500788509053946,52.24895541669863,39.66442410334952,3.9357234653359896,26.512566196080734,0.0,0.12053301029678982,1.0,0.8794669897032101,0.8462768808380863,2204,2199,1281,2190,14,0,5,1,9562,0,0.14225694444444856,1205,0.1508125000000003,381,0.17305555555555766,712,0.18343055555555493,281,WSEPT
WSEPT,20480053,44.32345647672532,3.6045993815639363,58.387773882887885,0.3924970826089801,1.7387375941695538,56.61689852869785,42.55361596833302,3.1801594425231516,28.13825740747649,0.0,0.14243498817966904,1.0,0.857565011820331,0.8666254064523516,2282,2275,1314,2267,15,0,6,0,9868,0,0.14686111111111544,1244,0.15397916666666697,389,0.18156250000000226,747,0.18734722222222155,287,WSEPT
WSEPT,20487972,42.84485412168522,4.0088575594007505,56.32393231314887,0.3828626947726322,1.9221947682999938,54.18899687221854,40.759167083330134,3.620828829415342,26.845516142048705,0.0,0.08890251379521766,1.0,0.9110974862047824,0.867955513402172,2198,2195,1315,2189,9,0,2,0,9780,0,0.14650694444444876,1241,0.16545833333333368,418,0.19250000000000247,792,0.18930555555555487,290,WSEPT
WSEPT,20495891,49.57754314009499,3.66176030156427,65.15226290574684,0.43633306240362696,1.679325479148333,62.95799696880583,47.464089654273,3.407017063086884,30.939676424336593,0.0,0.15515222482435598,1.0,0.844847775175644,0.8895134912036907,2286,2286,1372,2282,4,0,0,0,10065,0,0.15276388888889347,1294,0.15833333333333366,400,0.17621527777777996,725,0.20431944444444358,313,WSEPT
WSEPT,20503810,42.96325576535202,4.367333381767769,56.38893959509246,0.38620505658570353,1.8491013860303072,54.08308806942263,40.614683431328196,3.9269134562420334,26.703563524293884,0.0,0.15589123867069488,1.0,0.8441087613293051,0.8803283731607495,2241,2230,1362,2228,13,0,8,0,9981,0,0.1496944444444489,1268,0.17020833333333368,430,0.18763888888889127,772,0.19713888888888811,302,WSEPT
WSEPT,20511729,53.645949758003326,3.6327620119619013,69.78982480013244,0.4692115597613424,1.7431510559308512,67.53527258720327,51.5021474753031,3.4321835417059328,33.33280554579266,0.0,0.18880285884455034,1.0,0.8111971411554497,0.8730352031652908,2225,2220,1349,2217,8,0,4,0,9868,0,0.1491041666666711,1263,0.14804166666666696,374,0.1849652777777801,761,0.20301388888888805,311,WSEPT
WSEPT,20519648,49.23893404130383,4.27869983754393,64.8807879768634,0.43793356413377016,1.7400811700004433,62.468254305314744,46.78081677102583,4.133164031677022,30.771689571392216,0.0,0.1675643327348893,1.0,0.8324356672651108,0.8841962353137403,2290,2253,1354,2251,39,0,34,0,10030,0,0.1512291666666712,1281,0.164666666666667,416,0.18593750000000234,765,0.19779166666666587,303,WSEPT
WSEPT,20527567,40.693114935744646,3.7760084404779604,52.93217972448831,0.36261336535966626,1.7466552246140152,50.94453514248395,38.72269932880211,3.5563843770150796,25.59619408683811,0.0,0.13617276544691062,1.0,0.8638272345530894,0.8690131120795109,2226,2218,1321,2213,13,0,5,0,9791,0,0.1478055555555599,1252,0.15041666666666698,380,0.1873958333333357,771,0.1879999999999993,288,WSEPT
WSEPT,20535486,31.44115748181826,3.9120707762808102,40.87970149514538,0.28698031021127074,1.7655638267745015,39.300687887499386,29.73058631064489,3.3840717231139656,19.979829632712736,0.0,0.061780738946093275,1.0,0.9382192610539067,0.8575961337934804,2237,2216,1302,2209,28,0,20,1,9689,0,0.1436736111111153,1217,0.15833333333333366,400,0.17572916666666882,723,0.1795138888888883,275,WSEPT
WSEPT,20543405,42.21015883783675,3.85776781100948,54.87432080153396,0.3756922768849528,1.8816054918912033,52.917913611896175,40.271152400821,3.2890685791739247,26.416867765186055,0.0,0.12287887653598596,1.0,0.877121123464014,0.8791267101867687,2285,2272,1361,2268,17,0,11,2,10073,0,0.15229166666667124,1290,0.15714583333333365,397,0.19152777777778024,788,0.19713888888888811,302,WSEPT
WSEPT,20551324,51.842415330612994,3.7420683995027924,68.18382971417147,0.45574336604048676,1.7887696410011034,66.09525668402496,49.75248950709541,3.3719181992616654,32.12658584780766,0.0,0.21295740851829634,1.0,0.7870425914817036,0.8838616035303613,2250,2235,1370,2232,18,0,14,0,10017,0,0.15288194444444905,1295,0.16664583333333366,421,0.17913194444444666,737,0.2108472222222213,323,WSEPT
WSEPT,20559243,46.468597543661865,3.802750856657598,61.99547417433236,0.41260438960087176,1.6669491469594817,60.08384411750799,44.50600545869506,3.405646431324325,29.232460810165172,0.0,0.13481756338899195,1.0,0.865182436611008,0.8609938976800734,2221,2205,1304,2200,21,0,15,1,9672,0,0.14343750000000416,1215,0.1531875000000003,387,0.1832638888888912,754,0.1729861111111106,265,WSEPT
WSEPT,20567162,36.61782562444387,3.460672706582193,47.34396485148707,0.32629535209834276,1.7686300255458836,45.546724029491166,34.86041977625952,3.2911904260787566,23.279291973851922,0.0,0.09903961584633854,1.0,0.9009603841536614,0.8535447926786179,2209,2204,1277,2197,12,0,5,1,9586,0,0.14131250000000406,1197,0.15358333333333363,388,0.18277777777778006,752,0.17233333333333284,264,WSEPT
WSEPT,20575081,32.45884604863154,3.8751766012415554,42.50320091986391,0.2956817115751596,1.754142006422154,40.60752620702318,30.509935556912982,3.428441142162097,20.459152411374795,0.0,0.062150403977625855,1.0,0.9378495960223742,0.8401950571291151,2185,2174,1283,2169,16,0,10,1,9553,0,0.14084027777778182,1193,0.15516666666666698,392,0.17815972222222443,733,0.19126388888888818,293,WSEPT
WSEPT,20583000,40.33791712840729,3.7547254897358227,51.9146005373075,0.3587133568801904,1.7448241462376908,49.86572293938842,38.30887207590446,3.3981591552203994,25.12889853236915,0.0,0.11726190476190476,1.0,0.8827380952380952,0.8682272170840614,2220,2211,1341,2209,11,0,6,1,9858,0,0.146979166666671,1245,0.15516666666666698,392,0.18666666666666903,768,0.21215277777777683,325,WSEPT
WSEPT,20590919,36.729231975999376,3.6951938214060798,47.92478270125497,0.32946044794486357,1.648479532683678,45.96651050918823,34.748828765481775,3.4587512711005326,23.01504970508879,0.0,0.10018552875695733,1.0,0.8998144712430427,0.8433812113338307,2180,2165,1299,2161,19,0,12,0,9595,0,0.1448541666666709,1227,0.15358333333333363,388,0.1759722222222244,724,0.1951805555555548,299,WSEPT
WSEPT,20598838,42.2382775400085,3.9523395135815247,55.35305198415717,0.37719640626903683,2.0965420663027183,53.33276405379826,40.283324137411995,3.5504454654545805,26.73380205537016,0.0,0.09952038369304557,1.0,0.9004796163069544,0.8711416545446778,2254,2238,1308,2234,20,0,13,0,9785,0,0.1454444444444487,1232,0.1567500000000003,396,0.1808333333333356,744,0.18995833333333262,291,WSEPT
WSEPT,20606757,53.52778351356334,3.776311229789216,68.9457851761975,0.46840015600030976,1.803825595447878,67.06129032673371,51.64315774841741,3.2995785036467944,33.308248847157024,0.0,0.19941520467836257,1.0,0.8005847953216374,0.8856683050752157,2270,2239,1368,2236,34,1,29,0,9989,0,0.15134722222222674,1282,0.15437500000000032,390,0.1820486111111134,749,0.20040277777777696,307,WSEPT
WSEPT,20614676,67.44833007037184,3.9926973735387197,88.05411785373818,0.5865374414348106,1.9371964360457594,85.93652531264914,65.35414870373205,3.71332648555284,41.93327895416669,0.0,0.2673153978248426,1.0,0.7326846021751574,0.9232998403549884,2361,2314,1418,2309,52,0,44,1,10422,0,0.1563055555555603,1324,0.17416666666666702,440,0.19809027777778035,815,0.20693055555555467,317,WSEPT
WSEPT,20622595,45.44327466091627,4.00135717638345,60.11386315032343,0.40484777964851454,2.007222643013485,58.2501971626978,43.54126322359596,3.4669848923840125,28.55928905980401,0.0,0.15966386554621848,1.0,0.8403361344537815,0.8785929436047252,2275,2256,1347,2249,26,0,18,1,10019,0,0.15075694444444895,1277,0.16625000000000034,420,0.1886111111111135,776,0.19844444444444365,304,WSEPT
WSEPT,20630514,45.34449939856591,3.818940249738688,59.50036137695213,0.4021430137220994,1.9074408595476786,57.39872717426069,43.31052845691803,3.52698102465598,28.356268250832684,0.0,0.1511627906976744,1.0,0.8488372093023255,0.8671626689222117,2205,2190,1319,2187,18,0,12,1,9709,0,0.14638888888889318,1240,0.15991666666666698,404,0.17572916666666882,723,0.19191666666666593,294,WSEPT
WSEPT,20638433,54.42202424363878,3.7612061122759326,71.01518963039588,0.47671635511025984,1.8142447669377568,69.07564654648846,52.49563509202584,3.1092972857884766,33.87159712853759,0.0,0.18154583582983821,1.0,0.8184541641701618,0.8726630833221553,2221,2215,1341,2213,8,0,4,0,9838,0,0.14957638888889332,1267,0.14883333333333362,376,0.18180555555555783,748,0.20497222222222136,314,WSEPT
WSEPT,20646352,44.460211838773155,3.9201644169743193,58.3575557856655,0.39552127482811233,1.8663910509312356,56.2966491885311,42.37092217401027,3.5135728653810263,27.829483068642595,0.0,0.1595166163141994,1.0,0.8404833836858006,0.8717188803870431,2258,2224,1330,2221,37,0,31,0,9856,0,0.1456805555555598,1234,0.1484375000000003,375,0.19079861111111354,785,0.19974999999999918,306,WSEPT
WSEPT,20654271,33.142067932569674,3.7442153787905195,42.764469731159245,0.2992670042211954,1.708958356167574,40.97372210746657,31.290782630336277,3.1772416235855094,20.93908428365391,0.0,0.09069069069069069,1.0,0.9093093093093093,0.8652290180441814,2221,2210,1288,2206,15,0,10,0,9660,0,0.14438194444444866,1223,0.15833333333333366,400,0.1764583333333355,726,0.1879999999999993,288,WSEPT
WSEPT,20662190,70.56776385333544,4.203778742075481,92.72838410363184,0.6143733007588269,2.028832773825509,90.20116950658216,68.08005670681534,3.919777280609756,43.78841393258244,0.0,0.23803898405197874,1.0,0.7619610159480212,0.9018124431165485,2264,2260,1377,2253,11,0,4,1,10129,0,0.151819444444449,1286,0.168229166666667,425,0.19517361111111362,803,0.2082361111111102,319,WSEPT
WSEPT,20670109,52.222777253388756,3.9424786811340824,68.211892042786,0.45971031751437685,1.8495288187903618,65.96587102764852,50.04303217595683,3.509545314707647,32.615482508462996,0.0,0.22868900646678425,1.0,0.7713109935332157,0.8937583839404178,2264,2263,1355,2259,5,0,0,0,10000,0,0.1500486111111156,1271,0.165854166666667,419,0.18156250000000226,747,0.20236111111111027,310,WSEPT
WSEPT,20678028,17.991411939218366,3.076603082136416,23.130525989147433,0.16963905777384025,1.5106196647982537,21.836079788593068,16.627620681834888,2.4907715271276274,11.398289623715417,0.0,0.01903553299492386,1.0,0.9809644670050761,0.8155152763159198,2128,2119,1244,2115,13,0,9,1,9291,0,0.1384791666666706,1173,0.1460625000000003,369,0.17208333333333542,708,0.1879999999999993,288,WSEPT
WSEPT,20685947,56.323156392353404,3.9388007165292915,73.64156537821684,0.4938255821266812,1.8759977962260694,71.6838391565873,54.270201083383434,3.3032329687298705,35.17683538484248,0.0,0.2235225277940316,1.0,0.7764774722059684,0.8914359152259256,2278,2277,1364,2274,4,0,0,0,10013,0,0.151819444444449,1286,0.15516666666666698,392,0.17791666666666886,732,0.19844444444444365,304,WSEPT
WSEPT,20693866,51.830940173133314,4.1197729968405365,68.39972731980951,0.45847229639542747,1.8139984458797964,66.18241395048028,49.598285315527015,3.7020158322547885,32.14261302668148,0.0,0.18413082980012113,1.0,0.8158691701998788,0.8707524128972811,2248,2224,1365,2223,25,0,21,0,9998,0,0.1508750000000045,1278,0.15714583333333365,397,0.19128472222222467,787,0.20888888888888799,320,WSEPT
WSEPT,20701785,42.74777500561936,3.801067684108623,56.56834703791437,0.3811204285768326,1.7854651935232855,54.81301737477323,40.96199989691844,3.813026790675411,27.152640440189344,0.0,0.12254901960784313,1.0,0.8774509803921569,0.8685740296284591,2248,2209,1307,2203,45,0,37,0,9763,0,0.14615277777778207,1238,0.15872916666666698,401,0.1820486111111134,749,0.1886527777777771,289,WSEPT
WSEPT,20709704,34.87082530938961,4.1199248633930345,44.65934548692379,0.3154598113122327,1.7990742654353757,42.46220693556648,32.63376365789802,3.802378815066339,21.97992707616751,0.0,0.08574807806031934,1.0,0.9142519219396806,0.8680483490366456,2235,2230,1307,2224,11,0,4,0,9709,0,0.1454444444444487,1232,0.1520000000000003,384,0.1747569444444466,719,0.1821249999999994,279,WSEPT
WSEPT,20717623,39.18055009128353,3.4839353628229306,51.0939413398912,0.34829910197445196,1.6984688144027271,49.226024926426696,37.33328485821248,3.292930618723962,24.820038844100758,0.0,0.11144945188794153,1.0,0.8885505481120585,0.8394759705001039,2205,2190,1273,2186,19,0,13,0,9533,0,0.14166666666667074,1200,0.15041666666666698,380,0.17548611111111326,722,0.1795138888888883,275,WSEPT
WSEPT,20725542,52.25142543918839,3.9975729058845983,68.4320132218356,0.460525015088714,1.960506597761696,66.89560368934633,50.59680762363483,3.3196766336648467,33.1265546736375,0.0,0.2162804515745692,1.0,0.7837195484254308,0.8665094285942229,2275,2247,1317,2238,37,1,26,0,9867,0,0.1456805555555598,1234,0.1579375000000003,399,0.18229166666666893,750,0.2036666666666658,312,WSEPT
WSEPT,20733461,29.826015270142243,3.336930809272377,38.54763549042865,0.2692139022901879,1.6755065200104509,36.847819383542166,28.143560139536834,3.06373386427784,18.76927199754816,0.0,0.05186089078706528,1.0,0.9481391092129348,0.8472279349029999,2193,2178,1300,2172,21,0,12,0,9667,0,0.14591666666667094,1236,0.161104166666667,407,0.1825347222222245,751,0.1879999999999993,288,WSEPT
WSEPT,20741380,33.88315540122237,3.8051189708333775,43.40175351547352,0.3052273535156194,1.7097233694578704,41.944834707751106,32.29434674838188,3.345467921676421,21.33892242176169,0.0,0.09223300970873786,1.0,0.9077669902912622,0.8566706963373969,2193,2168,1320,2159,34,0,23,0,9705,0,0.14674305555555986,1243,0.15912500000000032,402,0.1825347222222245,751,0.19126388888888818,293,WSEPT
WSEPT,20749299,42.79928353451007,3.7493822651047757,56.774537305910144,0.3813652767112536,1.8155376137133454,54.924046581381944,40.923143859789235,3.1039431182506227,26.925888308108032,0.0,0.15473300970873785,1.0,0.8452669902912622,0.8669966268993576,2241,2238,1315,2231,10,0,1,0,9822,0,0.146979166666671,1245,0.14645833333333363,370,0.1898263888888913,781,0.19713888888888811,302,WSEPT
WSEPT,20757218,45.90620467973358,3.3187330061977662,59.6981522253399,0.4028480266328484,1.6243385698700161,58.173006211342624,44.33910121096412,2.92561359130438,29.157747553338016,0.0,0.1486404833836858,1.0,0.8513595166163141,0.8462788220634304,2217,2191,1268,2187,30,0,24,0,9544,0,0.14084027777778182,1193,0.15477083333333364,391,0.17500000000000215,720,0.18343055555555493,281,WSEPT
WSEPT,20765137,32.38607708670077,3.7374543178804305,42.62403223513934,0.29448365234949975,1.8902928419551681,40.747394007533366,30.52739591916717,3.3817704357574176,20.254220264922296,0.0,0.060810810810810814,1.0,0.9391891891891891,0.8689882677821691,2223,2209,1345,2203,20,0,13,1,9866,0,0.15016666666667114,1272,0.14527083333333363,367,0.1873958333333357,771,0.20693055555555467,317,WSEPT
WSEPT,20773056,38.752165234810015,4.018269317851585,50.83532567932275,0.34886190256269567,1.8647312161173724,48.91659602366601,36.82110780900466,3.5035957055792037,24.5736648123265,0.0,0.10760998810939358,1.0,0.8923900118906064,0.8649113411310361,2274,2264,1316,2255,19,0,9,2,9845,0,0.14686111111111544,1244,0.15714583333333365,397,0.17111111111111318,704,0.2036666666666658,312,WSEPT
WSEPT,20780975,36.65133861671536,3.7751591522316104,47.969367612685176,0.329598048085493,1.7424972187140022,46.3910488692148,34.97728476378921,3.258936684418704,23.2963323096092,0.0,0.10115081768625075,1.0,0.8988491823137492,0.8494845962091223,2245,2218,1293,2214,31,0,25,0,9637,0,0.14426388888889308,1222,0.13775000000000026,348,0.1715972222222243,706,0.19387499999999924,297,WSEPT
WSEPT,20788894,26.99665909769218,3.733949475723941,34.97162266858971,0.24880404865839179,1.6015630069414584,33.138848035988545,25.0877012139457,3.3422928703193686,16.985732333246823,0.0,0.07103150092649783,1.0,0.9289684990735022,0.8442674080920523,2186,2174,1291,2170,16,0,9,1,9558,0,0.14379166666667084,1218,0.1555625000000003,393,0.17232638888889099,709,0.18343055555555493,281,WSEPT
WSEPT,20796813,25.62775477163282,3.241460165641319,33.22561260214812,0.23409893164040563,1.5363569430249757,31.39055923837789,23.822477143897668,3.2487623563955284,16.10433326503894,0.0,0.05753595997498437,1.0,0.9424640400250156,0.8352798681219498,2148,2142,1286,2135,13,1,3,0,9488,0,0.14461805555555976,1225,0.15477083333333364,391,0.17232638888889099,709,0.18669444444444377,286,WSEPT
WSEPT,20804732,43.546902442282395,3.900418251357402,56.96533781648367,0.38754815584835217,1.8839010139047438,54.861247920607546,41.50174304848249,3.3901760799392173,27.21672080848488,0.0,0.14443084455324356,1.0,0.8555691554467564,0.8642597841225962,2191,2185,1310,2179,12,1,4,1,9673,0,0.14768750000000436,1251,0.15279166666666696,386,0.17840277777778,734,0.1886527777777771,289,WSEPT
WSEPT,20812651,50.52677901834482,3.7930824433413575,67.03093132231001,0.4458049658173733,1.7948429129968135,65.09484836785481,48.60375257367824,3.321074664091223,31.460668287972823,0.0,0.1725584182144997,1.0,0.8274415817855003,0.888622382561078,2273,2257,1375,2253,20,0,14,0,10056,0,0.15323611111111574,1298,0.15002083333333363,379,0.18229166666666893,750,0.21802777777777677,334,WSEPT
WSEPT,20820570,30.31328403924297,3.652243875330424,39.211490139289346,0.27545877933936097,1.7654632581354959,37.27529286699215,28.389484140787197,3.44912669370503,19.00301344421741,0.0,0.06148055207026349,1.0,0.9385194479297365,0.8365860475579692,2138,2126,1283,2118,20,0,12,0,9376,0,0.14296527777778192,1211,0.13141666666666693,332,0.17232638888889099,709,0.18081944444444384,277,WSEPT
WSEPT,20828489,35.73768597353981,3.4087048925431516,46.00243644007081,0.31835081884430566,1.8098674548828453,44.49395710341028,34.196395578310565,2.9150794921087715,22.544906834050366,0.0,0.0953259532595326,1.0,0.9046740467404674,0.8412750643520791,2175,2143,1272,2137,38,0,31,3,9475,0,0.1411944444444485,1196,0.15239583333333365,385,0.1808333333333356,744,0.17559722222222168,269,WSEPT
WSEPT,20836408,57.1976477642888,3.913556309912242,74.2965095572267,0.500416086665343,1.8106225798807447,72.0515056760072,55.02531666075651,3.583124557166359,35.445933849029984,0.0,0.2012987012987013,1.0,0.7987012987012987,0.8887011331560493,2245,2236,1374,2231,14,0,7,0,9994,0,0.15264583333333792,1293,0.15002083333333363,379,0.18593750000000234,765,0.20431944444444358,313,WSEPT
WSEPT,20844327,30.87942141054748,3.359762943011443,39.73385915594403,0.2777749385496342,1.7557677501945088,38.21288384126256,29.37030419315798,2.878291063628305,19.531703064985113,0.0,0.08706022659511031,1.0,0.9129397734048896,0.8563683801497867,2217,2214,1308,2206,11,0,3,1,9712,0,0.14650694444444876,1241,0.15002083333333363,379,0.18302083333333563,753,0.17886111111111053,274,WSEPT
WSEPT,20852246,32.992061058817086,3.5799126203641367,43.26769772845382,0.2981058844462205,1.7616334181728606,41.65549432214142,31.365115247846727,3.1893594858213623,20.71730057033712,0.0,0.08312342569269521,1.0,0.9168765743073048,0.8397794527765554,2157,2140,1300,2132,25,0,14,0,9570,0,0.14532638888889313,1231,0.162291666666667,410,0.17378472222222435,715,0.19779166666666587,303,WSEPT
WSEPT,20860165,38.43085692141039,4.15165150958263,50.24543173289889,0.3468605119619956,1.7911395825049676,48.02039830460241,36.19283004832988,3.938060411232136,24.187816478736494,0.0,0.10844115834873691,1.0,0.8915588416512631,0.860445644351881,2189,2181,1293,2177,12,0,8,0,9571,0,0.1445000000000042,1224,0.15754166666666697,398,0.16819444444444645,692,0.18538888888888824,284,WSEPT
WSEPT,20868084,38.29209086529263,3.3592499148807087,49.38790870340655,0.3393455493192418,1.5257240464579718,47.688634983511285,36.55969899822899,2.888893368681287,23.72818586760292,0.0,0.12356841470765521,1.0,0.8764315852923448,0.8686283486542181,2198,2186,1346,2182,16,0,12,0,9841,0,0.14886805555555996,1261,0.161104166666667,407,0.18934027777778017,779,0.19648611111111033,301,WSEPT
WSEPT,20876003,52.633451474175736,4.455457664653244,69.05098344148514,0.466921958320988,1.7900100093320515,67.07276490885863,50.50353777699908,4.040615135534492,32.998093813720864,0.0,0.18181818181818182,1.0,0.8181818181818181,0.8596593549486146,2223,2167,1310,2164,59,0,54,0,9699,0,0.14426388888889308,1222,0.15239583333333365,385,0.1820486111111134,749,0.20758333333333243,318,WSEPT
WSEPT,20883922,37.770822722606866,3.68481038108476,49.663761608122364,0.3385847291557592,1.9057950909792827,47.645578957522936,35.7886792651809,3.2559009598378146,23.646494589783952,0.0,0.10896637608966377,1.0,0.8910336239103362,0.8457622259393249,2170,2168,1291,2165,5,0,0,1,9550,0,0.14438194444444866,1223,0.14883333333333362,376,0.1747569444444466,719,0.1932222222222215,296,WSEPT
WSEPT,20891841,34.344286625743074,3.688663095942598,44.856931559416225,0.3097506253664619,1.7867652777855787,42.724955928486665,32.234660823082116,3.4207303617175384,21.458119709118943,0.0,0.10445937690897984,1.0,0.8955406230910201,0.8598313318355895,2202,2201,1315,2193,9,0,0,1,9682,0,0.14509027777778202,1229,0.14883333333333362,376,0.1771875000000022,729,0.19452777777777702,298,WSEPT
WSEPT,20899760,25.464820062944,3.5392144383722584,32.6322814283862,0.23400513958458463,1.6752630600601417,30.83846433745121,23.667185334814057,3.0330281881739567,15.914292956617402,0.0,0.04782608695652174,1.0,0.9521739130434783,0.8400877709682173,2136,2135,1285,2131,5,0,0,0,9518,0,0.1436736111111153,1217,0.15477083333333364,391,0.1788888888888911,736,0.20758333333333243,318,WSEPT
WSEPT,20907679,44.0247250737727,3.8894251683328394,58.15335089718298,0.39218981977884376,1.8835733179273053,56.465199526073924,42.28099363359872,3.3650906128138907,27.588822187340753,0.0,0.13833746898263027,1.0,0.8616625310173698,0.8588695756622723,2205,2178,1321,2170,35,0,26,3,9716,0,0.14674305555555986,1243,0.14368750000000027,363,0.18763888888889127,772,0.19191666666666593,294,WSEPT
WSEPT,20915598,26.104767337987383,3.296448480551944,33.65379318090464,0.23803310019082818,1.6449174287005823,31.886891087148477,24.38466737130037,2.7479262732845875,16.24488376110933,0.0,0.012171684817424727,1.0,0.9878283151825753,0.8147207718588488,2077,2076,1252,2071,6,0,0,0,9216,0,0.13954166666667064,1182,0.14012500000000028,354,0.17572916666666882,723,0.186041666666666,285,WSEPT
WSEPT,20923517,38.201664553109424,3.4466494636773115,49.73927330284492,0.33982259837151707,1.6011433505184849,47.84183319287538,36.31205557661725,3.3340612787413337,24.34935951603617,0.0,0.09982486865148861,1.0,0.9001751313485113,0.8650430682683932,2288,2282,1299,2279,9,0,5,0,9837,0,0.14461805555555976,1225,0.16387500000000033,414,0.17743055555555776,730,0.18538888888888824,284,WSEPT
WSEPT,20931436,39.99469784030677,3.8673451177273686,51.59764324025927,0.35679235104215185,1.7740340296537287,49.598011223260144,37.982362033444815,3.742038577175968,25.165602061161497,0.0,0.11036992116434202,1.0,0.8896300788356579,0.8594155128020926,2199,2178,1303,2172,27,0,19,0,9652,0,0.14426388888889308,1222,0.14487500000000028,366,0.18545138888889123,763,0.19779166666666587,303,WSEPT
WSEPT,20939355,55.22874795175774,3.628441573577854,71.63721357829192,0.4821254043274983,1.7475135432886042,69.3952892344934,53.072851731817,3.4853873814597374,34.67522472483649,0.0,0.21062052505966586,1.0,0.7893794749403341,0.8646327841454071,2210,2209,1303,2205,5,0,1,0,9713,0,0.1445000000000042,1224,0.17693750000000036,447,0.1747569444444466,719,0.18343055555555493,281,WSEPT
WSEPT,20947274,27.023613766551495,3.354324813629362,34.566573982317884,0.24546249380360646,1.6960185045426195,32.825232349737405,25.312274878100638,2.9213241455670764,16.96102039481482,0.0,0.05900243309002433,1.0,0.9409975669099757,0.8430694468632317,2171,2167,1289,2160,11,0,2,1,9518,0,0.1448541666666709,1227,0.13735416666666694,347,0.17500000000000215,720,0.1906111111111104,292,WSEPT
WSEPT,20955193,35.614996886122405,3.297836319447539,46.454543260730304,0.3174993430970374,1.7690372324234265,44.5394276826097,33.812000761878934,3.1224440115503804,22.1451891677246,0.0,0.08509316770186336,1.0,0.9149068322981366,0.8563399385419196,2165,2149,1318,2142,23,0,16,2,9623,0,0.14438194444444866,1223,0.1555625000000003,393,0.1820486111111134,749,0.1886527777777771,289,WSEPT
WSEPT,20963112,41.16684735715134,4.389664268672202,52.966193598038394,0.3697135399127301,1.773217928989988,50.9399942472973,39.02948079310959,4.114799184479632,25.85099576511802,0.0,0.14472123368920523,1.0,0.8552787663107948,0.8693790161165096,2246,2225,1349,2219,27,0,19,1,9934,0,0.1508750000000045,1278,0.162291666666667,410,0.1820486111111134,749,0.2036666666666658,312,WSEPT
WSEPT,20971031,37.69612987928733,3.5850146363336926,48.41319175879721,0.3355611310453268,1.7000536596225277,46.33694839355684,35.648949468865375,3.329826586931129,23.617536989077454,0.0,0.11409395973154363,1.0,0.8859060402684564,0.8479844340970705,2156,2155,1278,2150,6,0,0,0,9439,0,0.14261111111111524,1208,0.14329166666666696,362,0.17135416666666875,705,0.18343055555555493,281,WSEPT
WSEPT,20978950,75.10519166921067,4.615817856038238,99.08528167426358,0.6551685300969072,1.9284617206658456,96.73028412903388,72.72726951925557,3.833678596469577,46.67568406578607,0.0,0.30997150997150996,1.0,0.6900284900284901,0.9177759156918749,2354,2350,1429,2344,10,0,4,0,10520,0,0.16067361111111605,1361,0.17377083333333368,439,0.20416666666666924,840,0.19648611111111033,301,WSEPT
WSEPT,20986869,25.229237342333054,3.561052730849456,33.19008761338596,0.23416359981836213,1.701119672426409,31.516582613703974,23.52030742670688,3.114066620456326,15.911895599118045,0.0,0.05941213258286429,1.0,0.9405878674171357,0.8493110680237987,2197,2185,1299,2181,16,0,10,0,9597,0,0.14414583333333753,1221,0.1484375000000003,375,0.1764583333333355,726,0.18277777777777715,280,WSEPT
WSEPT,20994788,41.28556864516496,3.6477338118638487,54.397204745215504,0.36760712308012194,1.773526281006586,52.46286888171212,39.32719371964629,3.219896843556056,25.798566624889403,0.0,0.14127082048118444,1.0,0.8587291795188156,0.8602952510420475,2194,2188,1311,2183,11,0,4,0,9709,0,0.14686111111111544,1244,0.1508125000000003,381,0.1820486111111134,749,0.2062777777777769,316,WSEPT
WSEPT,21002707,48.80126671597172,3.4521361633221868,64.54251507193699,0.42891514850467893,1.748368512697639,62.70074170543902,46.98260046356647,3.148964537551119,30.748380527238286,0.0,0.1400848999393572,1.0,0.8599151000606429,0.8502850237547589,2233,2222,1307,2216,17,0,11,2,9651,0,0.14402777777778197,1220,0.1472500000000003,372,0.17111111111111318,704,0.17429166666666615,267,WSEPT
WSEPT,21010626,36.469241645999986,3.572525826794278,47.5805794967166,0.3264605044255419,1.6194982275877667,45.471720633083464,34.41487932417865,3.4630615281579473,22.81666156333868,0.0,0.06803130644190247,1.0,0.9319686935580975,0.8579659703543968,2227,2221,1331,2214,13,0,3,0,9886,0,0.1466250000000043,1242,0.17258333333333367,436,0.18763888888889127,772,0.2036666666666658,312,WSEPT
WSEPT,21018545,50.02047958755468,3.7202436389691824,67.20377657219083,0.4420115949182337,1.7537715425553029,65.21559468460248,48.07147316941638,3.2871392816490586,31.109798180874577,0.0,0.1850709438618137,1.0,0.8149290561381863,0.8779321875154588,2225,2221,1354,2213,12,0,4,1,9940,0,0.15075694444444895,1277,0.16268750000000032,411,0.19298611111111358,794,0.18669444444444377,286,WSEPT
WSEPT,21026464,36.37069752444187,3.7772240123297958,47.39350550637655,0.326953866713827,1.85342493315108,45.457069090275986,34.41317911832215,3.389555338861007,22.826572107460795,0.0,0.11447607510599636,1.0,0.8855239248940037,0.8667724652652569,2227,2211,1318,2204,23,0,15,0,9807,0,0.1478055555555599,1252,0.1555625000000003,393,0.1856944444444468,764,0.20105555555555474,308,WSEPT
WSEPT,21034383,38.661268930514936,3.192415089088712,49.49081247026401,0.34084548888873256,1.6337257006909556,47.59585837194512,36.84496967821568,3.0125986094527577,24.119558614455844,0.0,0.10236686390532544,1.0,0.8976331360946745,0.8636561366516202,2217,2206,1330,2206,11,0,8,0,9747,0,0.1456805555555598,1234,0.14883333333333362,376,0.17913194444444666,737,0.19779166666666587,303,WSEPT
GCMU,20250402,51.4740968207289,16.479680886130193,63.356681461298585,0.5333843246500323,4.532031226721539,51.48500723626205,39.578564340225725,20.36761657184456,32.512226154765735,0.0,0.1227457824316463,1.0,0.8772542175683538,0.8877029585539927,2317,2303,1340,2296,21,0,12,4,10032,0,0.1479236111111155,1253,0.171791666666667,434,0.17743055555555776,730,0.1932222222222215,296,GCMU
GCMU,20258321,51.530737280756945,15.816177452085002,63.70761967574011,0.5299583781094341,4.672721638761357,51.47734817196178,39.59311577551214,20.314463243488376,32.48329668427201,0.0,0.1420011983223487,1.0,0.8579988016776513,0.8615957366166974,2243,2237,1307,2230,13,0,5,1,9741,0,0.14473611111111534,1226,0.1417083333333336,358,0.18302083333333563,753,0.19126388888888818,293,GCMU
GCMU,20266240,48.16933895720336,14.098719962111447,59.48601063521914,0.48929401159348773,4.187492701789187,48.6455561833322,37.59958798791799,18.323858429964844,30.371189403685538,0.0,0.1324736225087925,1.0,0.8675263774912075,0.8963751961297629,2281,2270,1362,2258,23,0,9,6,10112,0,0.15370833333333797,1302,0.16031250000000033,405,0.19298611111111358,794,0.20562499999999911,315,GCMU
GCMU,20274159,43.160844777399234,15.312972727218668,53.200420967163915,0.4611161125576935,4.1252066421498474,43.256665782112684,32.91176926800222,17.657283818942656,27.304457699301643,0.0,0.07992678462477121,1.0,0.9200732153752288,0.8533416074783504,2234,2228,1295,2219,15,0,4,1,9695,0,0.14296527777778192,1211,0.161104166666667,407,0.17572916666666882,723,0.18669444444444377,286,GCMU
GCMU,20282078,55.13003753399194,17.510221332674984,68.71997113781696,0.5755876042844636,4.653139694138575,55.28674706540597,41.84517950962854,22.301792271929244,34.54461236943242,0.0,0.15770609318996415,1.0,0.8422939068100359,0.8945137461334238,2293,2279,1359,2276,17,0,11,1,10050,0,0.15016666666667114,1272,0.14645833333333363,370,0.19517361111111362,803,0.19583333333333255,300,GCMU
GCMU,20289997,54.03040664235498,18.040107966538788,66.18929133013071,0.5641429591821172,4.889411448699569,53.51181926088656,41.24510577262,21.569176033218877,33.84839288142471,0.0,0.1295843520782396,1.0,0.8704156479217604,0.8747821760519023,2206,2188,1318,2178,28,0,17,4,9787,0,0.14745138888889323,1249,0.15912500000000032,402,0.18934027777778017,779,0.20040277777777696,307,GCMU
GCMU,20297916,37.32644412074604,12.870672317001723,45.728888151657564,0.3933353321270308,3.850620531959372,36.594582785895945,28.240770092408713,15.352991591194536,23.394115471286945,0.0,0.05565749235474006,1.0,0.94434250764526,0.8669716722072898,2210,2195,1323,2186,24,0,12,4,9775,0,0.14863194444444885,1259,0.16783333333333367,424,0.17937500000000223,738,0.186041666666666,285,GCMU
GCMU,20305835,24.65936530009098,9.390804799507043,29.52052961435188,0.262189779437176,2.932377286036797,23.147767089540622,18.2630074715936,10.816945804363092,15.506417477725735,0.0,0.034926470588235295,1.0,0.9650735294117647,0.8325517571720691,2153,2152,1265,2145,8,0,0,0,9456,0,0.14013194444444846,1187,0.15833333333333366,400,0.17815972222222443,733,0.186041666666666,285,GCMU
GCMU,20313754,37.95609459115942,13.673589325157335,45.804547186063665,0.39980010228980617,3.8064556765876425,37.23574021888523,29.062467953262818,15.123265131410195,23.899361984444184,0.0,0.07138607971445568,1.0,0.9286139202855443,0.8655472415748974,2237,2225,1309,2223,14,0,10,0,9756,0,0.1448541666666709,1227,0.1567500000000003,396,0.18107638888889113,745,0.19126388888888818,293,GCMU
GCMU,20321673,44.93172637274696,15.060484733719742,55.57571943779274,0.47334674261957294,4.086949702225382,44.835817904455574,34.13141098034853,17.88643021533265,28.007722642056095,0.0,0.08780795957043588,1.0,0.9121920404295641,0.844990370711467,2164,2147,1299,2143,21,1,15,1,9558,0,0.14379166666667084,1218,0.14962500000000029,378,0.1825347222222245,751,0.186041666666666,285,GCMU
GCMU,20329592,45.27320880659332,14.638911465236015,55.194122291839186,0.4668036906025126,4.117640707479878,45.45203709448584,35.35350622104535,17.36806380919055,28.669379538537854,0.0,0.09090909090909091,1.0,0.9090909090909091,0.8481947545522125,2228,2198,1300,2187,41,1,27,6,9662,0,0.1460347222222265,1237,0.1567500000000003,396,0.16940972222222425,697,0.186041666666666,285,GCMU
GCMU,20337511,34.41278507889384,11.385126608761954,42.300154636290294,0.3593905627103807,3.57717759906291,34.45595101217898,26.585734390173073,13.877142614655352,21.900092991110586,0.0,0.06292834890965732,1.0,0.9370716510903427,0.8308737915940222,2171,2154,1258,2144,27,0,16,7,9367,0,0.1406041666666707,1191,0.15041666666666698,380,0.16746527777777978,689,0.15862499999999966,243,GCMU
GCMU,20345430,57.72532899505265,17.93531966078183,69.89639067377078,0.5860710549543412,4.982290174252542,56.924490064612044,44.7301743197427,22.19771570909412,36.31687562458191,0.0,0.08138173302107728,1.0,0.9186182669789227,0.8794191316279159,2255,2232,1330,2220,35,1,21,5,9880,0,0.15040277777778227,1274,0.1520000000000003,384,0.1813194444444467,746,0.20105555555555474,308,GCMU
GCMU,20353349,37.83180554353916,13.228682906414154,46.50190964628985,0.40144098190983984,3.6175729732298696,37.7895425191199,28.885906332401394,15.248298177029664,23.817508321434676,0.0,0.07427869858809086,1.0,0.9257213014119091,0.8595685208204875,2228,2203,1303,2199,29,0,23,3,9672,0,0.14461805555555976,1225,0.15516666666666698,392,0.17694444444444662,728,0.177555555555555,272,GCMU
GCMU,20361268,82.00223468847919,25.522128761120012,100.00250897681373,0.8375554240842669,6.161704641765545,80.518380221002,62.61331976802822,31.440174143806786,50.75120524960796,0.0018867924528301887,0.23040095751047276,0.9981132075471698,0.7695990424895273,0.880233572133934,2204,2201,1352,2193,11,0,1,0,9868,0,0.15193750000000456,1287,0.16862500000000033,426,0.17815972222222443,733,0.19452777777777702,298,GCMU
GCMU,20369187,45.586323727768495,15.226098856912845,56.60247962518113,0.48123194122092694,4.14625063579374,45.6957734468706,34.64857727296359,18.085282303991125,28.397571036085825,0.0,0.10321384425216316,1.0,0.8967861557478368,0.8762927482054167,2212,2204,1336,2201,11,0,6,1,9781,0,0.14627083333333762,1239,0.15595833333333364,394,0.18229166666666893,750,0.19191666666666593,294,GCMU
GCMU,20377106,35.30933885726388,12.137221362854971,42.382345220698745,0.3652035683250711,3.71140257636205,34.13479355228997,27.019193821271838,13.735273472866405,22.031039716896473,0.0,0.052884615384615384,1.0,0.9471153846153846,0.8553982824212675,2174,2172,1306,2168,6,0,0,0,9589,0,0.14284722222222637,1210,0.15279166666666696,386,0.17548611111111326,722,0.19452777777777702,298,GCMU
GCMU,20385025,42.33368398800236,14.784976586830586,52.20741031037953,0.45030429602657,4.051111395247374,42.099925282928794,32.010576881251474,17.41827659163956,26.600365998988714,0.0,0.07767584097859327,1.0,0.9223241590214067,0.8595691792621584,2238,2225,1311,2221,17,1,10,1,9730,0,0.1436736111111153,1217,0.15120833333333364,382,0.1764583333333355,726,0.19844444444444365,304,GCMU
GCMU,20392944,38.66889048137338,12.191014702136458,48.23552849513996,0.40313172215267973,3.606141313305835,38.96695115449008,29.572685490414937,15.840837526988013,24.47320769629314,0.0,0.06178343949044586,1.0,0.9382165605095542,0.8378546105574262,2164,2138,1263,2125,39,0,26,9,9424,0,0.14166666666667074,1200,0.1472500000000003,372,0.17500000000000215,720,0.18147222222222162,278,GCMU
GCMU,20400863,53.34946250396258,18.331284025544775,64.35693928771904,0.5541814129129924,4.910618439475602,52.52079001341261,41.139448730098806,20.309885120377317,33.32763529031773,0.0,0.10099823840281856,1.0,0.8990017615971815,0.8785297039557983,2240,2238,1343,2237,3,0,0,0,9881,0,0.14945833333333777,1266,0.161104166666667,407,0.18302083333333563,753,0.18081944444444384,277,GCMU
GCMU,20408782,51.165456775966256,16.42975753713383,62.2768178775109,0.525925520830721,4.419783874742753,50.603806038541094,39.429267401288875,20.27439134268614,32.27064135013013,0.0,0.11162790697674418,1.0,0.8883720930232558,0.8911271477035169,2293,2269,1354,2257,36,2,20,5,10005,0,0.15052083333333782,1275,0.1508125000000003,381,0.17694444444444662,728,0.21606944444444345,331,GCMU
GCMU,20416701,60.39245992067918,19.427353154110122,73.00462882971834,0.6176011816784186,5.372329138519431,59.448649202412014,46.74500575883089,23.13477974350283,37.91630965940238,0.0,0.16360403082394784,1.0,0.8363959691760522,0.8704158209907166,2216,2205,1317,2192,24,0,10,7,9719,0,0.14827777777778217,1256,0.14012500000000028,354,0.18107638888889113,745,0.18669444444444377,286,GCMU
GCMU,20424620,47.41221985281082,14.570416226869538,59.03566239614889,0.49032136333390375,4.2087998385149215,47.561145419213,36.23983224208802,18.677221876566904,29.69080749237728,0.0,0.11083743842364532,1.0,0.8891625615763546,0.854612006514844,2201,2198,1307,2192,9,0,3,2,9679,0,0.14556250000000426,1233,0.14368750000000027,363,0.18690972222222457,769,0.18408333333333268,282,GCMU
GCMU,20432539,39.61297577360709,13.575650324959268,48.11755008224526,0.4136697825052715,3.85771078297821,38.82316255433314,30.197817700895918,16.21740814902216,25.02317202069821,0.0,0.08080194410692589,1.0,0.9191980558930741,0.8588161953940168,2214,2185,1284,2177,37,0,27,5,9558,0,0.14284722222222637,1210,0.14131250000000029,357,0.1728125000000021,711,0.19126388888888818,293,GCMU
GCMU,20440458,32.15467087300986,12.015936897251576,38.947593060303774,0.3437245331646142,3.4656667997654638,31.35826996459281,24.344919190997636,13.687186819557134,20.370497858933767,0.0,0.04917061611374408,1.0,0.9508293838862559,0.8778339184162777,2274,2255,1341,2244,30,0,17,8,9955,0,0.15170138888889342,1285,0.15912500000000032,402,0.1820486111111134,749,0.186041666666666,285,GCMU
GCMU,20448377,32.775777708566835,10.75222679324908,41.10636435485678,0.34690425468220526,3.407787108609238,33.11297787488253,24.971757927423937,13.017155805050653,20.507326427755526,0.0,0.05520304568527919,1.0,0.9447969543147208,0.8467333753944043,2172,2171,1294,2168,4,0,0,0,9570,0,0.14390972222222642,1219,0.14804166666666696,374,0.1764583333333355,726,0.19974999999999918,306,GCMU
GCMU,20456296,57.03606619519975,18.064904668720477,70.42493150491042,0.5907839604678,5.113500004580734,56.93054472997278,43.68160062821194,22.530557143495248,35.74920757835659,0.0,0.10513447432762836,1.0,0.8948655256723717,0.861441202357872,2235,2198,1319,2190,45,0,37,5,9776,0,0.14627083333333762,1239,0.161104166666667,407,0.1788888888888911,736,0.19648611111111033,301,GCMU
GCMU,20464215,35.05710855638019,11.102435804146936,42.85803872413735,0.36032685882746196,3.0739070281444265,34.72318156646841,26.955126806010213,13.865767394555125,22.045183047813175,0.0,0.06567534076827757,1.0,0.9343246592317225,0.8305368146581324,2152,2139,1284,2129,23,0,12,2,9542,0,0.14048611111111514,1190,0.16347916666666698,413,0.1808333333333356,744,0.20758333333333243,318,GCMU
GCMU,20472134,43.267331361332246,14.751408186308613,52.76685022658068,0.45271527784257926,3.8622721629202963,42.952863779150626,33.21575277656234,17.284086330677912,27.355829486122065,0.0,0.11198547215496368,1.0,0.8880145278450363,0.8465132032864136,2204,2200,1280,2189,15,0,3,3,9563,0,0.14225694444444856,1205,0.15120833333333364,382,0.17305555555555766,712,0.18343055555555493,281,GCMU
GCMU,20480053,46.2323388305038,13.599156939791092,57.49717386039394,0.47251275898169404,3.9070387837140426,46.549915044343415,35.63648358694794,18.454629230672225,29.35417370953496,0.0,0.12743362831858407,1.0,0.8725663716814159,0.8666452506165461,2282,2278,1313,2268,14,0,3,3,9875,0,0.14709722222222654,1246,0.15397916666666697,389,0.18180555555555783,748,0.18734722222222155,287,GCMU
GCMU,20487972,44.10767855470403,14.350618401137352,54.42931565594119,0.45995838040154585,4.1298775264510645,44.02902731870211,33.7770362103515,17.30921605214049,27.604535120005227,0.0,0.05824647455548743,1.0,0.9417535254445125,0.8682882671587696,2198,2195,1316,2190,8,0,1,0,9781,0,0.14650694444444876,1241,0.16545833333333368,418,0.19250000000000247,792,0.18930555555555487,290,GCMU
GCMU,20495891,51.777165743607405,16.249696148579172,63.82815014849375,0.5343721346353651,4.364618271143517,51.056986294497314,39.251129462695694,20.74571100399425,32.31033281826198,0.0,0.12236533957845433,1.0,0.8776346604215457,0.8896535656520712,2286,2286,1372,2282,4,0,0,0,10065,0,0.15276388888889347,1294,0.15833333333333366,400,0.17621527777777996,725,0.20431944444444358,313,GCMU
GCMU,20503810,44.46198939691003,16.6096639467117,54.11678823717841,0.477404914352797,4.354670634740788,43.66288321024952,33.53643955840475,17.965032882602866,27.640806741286003,0.0,0.1056125528062764,1.0,0.8943874471937237,0.8802674780292293,2241,2232,1360,2226,15,0,8,1,9985,0,0.14993055555556,1270,0.17020833333333368,430,0.18763888888889127,772,0.19779166666666587,303,GCMU
GCMU,20511729,56.28134054905433,17.138972390927886,68.91619805117031,0.5735689527429313,4.643709216140165,55.56571373302209,43.1619296521427,21.490731334608206,34.976786661939116,0.0,0.1494047619047619,1.0,0.8505952380952381,0.8730612750543014,2225,2221,1348,2217,8,0,2,1,9865,0,0.14898611111111554,1262,0.14804166666666696,374,0.18472222222222454,760,0.20301388888888805,311,GCMU
GCMU,20519648,51.181124940834,16.66281864375387,63.113888720566244,0.533521698685725,4.444416668213309,51.27934527395776,39.20763205493949,20.181296471429985,32.08527700552933,0.0,0.12112171837708831,1.0,0.8788782816229117,0.8842964064070993,2290,2258,1351,2250,40,1,28,4,10038,0,0.15146527777778232,1283,0.16506250000000033,417,0.1861805555555579,766,0.19844444444444365,304,GCMU
GCMU,20527567,42.29916065365846,14.624783191714664,51.47399939104176,0.44352616788089516,4.118307045658257,41.54625176703128,32.25251695789359,17.108121565024756,26.601176191232636,0.0,0.10011990407673861,1.0,0.8998800959232613,0.8690852558916735,2226,2219,1321,2213,13,0,4,2,9796,0,0.1479236111111155,1253,0.15041666666666698,380,0.18763888888889127,772,0.1879999999999993,288,GCMU
GCMU,20535486,32.73938399809502,11.994507856073804,39.78861375509252,0.34888033312952066,3.496923913799619,32.34699561315915,25.007599835784877,13.460593292657006,20.737373709403588,0.0,0.04053236539624924,1.0,0.9594676346037507,0.8575217540524452,2237,2217,1301,2208,29,1,17,5,9692,0,0.14379166666667084,1218,0.15833333333333366,400,0.17572916666666882,723,0.1795138888888883,275,GCMU
GCMU,20543405,43.908979513721775,14.046151829263843,53.77562974045289,0.45311574399806603,3.952053783260703,43.35353970785257,33.60703857624219,17.445270870778455,27.567500727034776,0.0,0.08990075890251022,1.0,0.9100992410974897,0.8791688234047927,2285,2276,1358,2267,18,0,6,4,10074,0,0.1524097222222268,1291,0.15754166666666697,398,0.19152777777778024,788,0.19713888888888811,302,GCMU
GCMU,20551324,54.7636448180865,18.44179789831353,67.09607754549592,0.5732250772881159,4.920967667344316,53.680421681596904,41.29983612947554,21.925342241091816,33.94107354919124,0.0,0.1348112642300779,1.0,0.8651887357699222,0.883863740856211,2250,2237,1370,2233,17,0,10,3,10023,0,0.1530000000000046,1296,0.167041666666667,422,0.17913194444444666,737,0.21149999999999905,324,GCMU
GCMU,20559243,47.95989647686887,16.830989804139964,59.268972304655065,0.5117958633784777,4.538439209592837,48.289928828035286,36.638716918776154,19.23322669163638,30.182321398623465,0.0,0.09012345679012346,1.0,0.9098765432098765,0.8609172525880586,2221,2208,1302,2199,22,0,12,5,9680,0,0.1436736111111153,1217,0.15358333333333363,388,0.1837500000000023,756,0.1729861111111106,265,GCMU
GCMU,20567162,37.621809980279416,12.965679314200916,45.597919719848186,0.3927432328245015,3.705515972972807,37.08362608444284,28.932276452136495,15.144347349163104,23.870232960725964,0.0,0.08048048048048048,1.0,0.9195195195195195,0.8536776007890471,2209,2203,1278,2197,12,0,4,2,9587,0,0.14143055555555964,1198,0.15358333333333363,388,0.18277777777778006,752,0.17233333333333284,264,GCMU
GCMU,20575081,33.67950074869938,12.286215126949498,41.197141303632044,0.36053140125529237,3.675520798481689,33.01790090792119,25.402630002164035,14.22670969294661,21.26052828594061,0.0,0.022332506203473945,1.0,0.9776674937965261,0.840430521876285,2185,2177,1282,2169,16,0,6,3,9557,0,0.14095833333333738,1194,0.15516666666666698,392,0.17840277777778,734,0.19126388888888818,293,GCMU
GCMU,20583000,42.30040880376711,13.752526027488416,51.29494721273163,0.43487530738353675,3.7086034339778164,41.37013656661533,32.34157038447965,16.46285112215456,26.359126633142168,0.0,0.08729216152019002,1.0,0.91270783847981,0.8683150352041851,2220,2215,1339,2208,12,0,4,1,9863,0,0.14721527777778212,1247,0.1555625000000003,393,0.18666666666666903,768,0.21215277777777683,325,GCMU
GCMU,20590919,37.77547926710193,12.976148802600768,46.14429357245989,0.396647525112625,3.579329002108556,37.39356253984464,28.86581588321466,15.028360513553315,23.679267494586192,0.0,0.056207535515750466,1.0,0.9437924644842496,0.8434947361015577,2180,2165,1298,2160,20,2,11,3,9596,0,0.1448541666666709,1227,0.1531875000000003,387,0.1759722222222244,724,0.1951805555555548,299,GCMU
GCMU,20598838,43.68867156909311,13.923445688299383,53.854586050588686,0.45269016684135027,4.050112705776586,43.801266739185756,33.676978178397896,17.180840739992217,27.589173299099045,0.0,0.06594724220623502,1.0,0.934052757793765,0.8711885075577627,2254,2238,1309,2235,19,0,14,0,9787,0,0.1454444444444487,1232,0.156354166666667,395,0.1808333333333356,744,0.18995833333333262,291,GCMU
GCMU,20606757,56.55617690260175,17.167855939581703,68.67920605798417,0.5723114543250366,4.618163692540168,55.36375756270935,43.39033242563554,21.82191208567589,35.22446153195904,0.0,0.13251605370694688,1.0,0.8674839462930531,0.8855519543864009,2270,2242,1366,2235,35,1,24,4,9993,0,0.15158333333333787,1284,0.15437500000000032,390,0.18229166666666893,750,0.20040277777777696,307,GCMU
GCMU,20614676,70.45832211714406,21.43244201056131,86.29486070827389,0.7179740835947781,5.642820728531745,70.03502986379699,54.28481794912104,26.471608713066594,43.716990859966415,0.0,0.21624713958810068,1.0,0.7837528604118993,0.9233940946185238,2361,2314,1418,2310,51,0,44,3,10423,0,0.15618750000000475,1323,0.17416666666666702,440,0.19809027777778035,815,0.20693055555555467,317,GCMU
GCMU,20622595,47.34753607934278,16.00136757626105,58.40534912700442,0.4988809122478761,4.4274228693577955,47.51990158337254,36.27009519343063,18.83345371819328,29.758546519423202,0.0,0.10658682634730539,1.0,0.8934131736526946,0.8787363093074838,2275,2260,1347,2251,24,1,12,4,10025,0,0.1508750000000045,1278,0.165854166666667,419,0.1886111111111135,776,0.19844444444444365,304,GCMU
GCMU,20630514,46.26350167416771,15.201970699574966,56.85265996096069,0.4821518757424815,4.068493943071518,46.11726669379624,35.45647433200738,18.359520150078342,29.047553365862377,0.0,0.07452657299938913,1.0,0.9254734270006109,0.8671735571814317,2205,2193,1315,2183,22,0,11,3,9711,0,0.1466250000000043,1242,0.15991666666666698,404,0.1759722222222244,724,0.19191666666666593,294,GCMU
GCMU,20638433,56.83721615331657,17.94089265031585,69.57710375537918,0.5843046449333744,4.775246854671664,56.28105112176345,43.590541586640654,21.773832537357478,35.36557480702618,0.0,0.1532934131736527,1.0,0.8467065868263473,0.8727111732333825,2221,2216,1341,2213,8,0,3,0,9839,0,0.14957638888889332,1267,0.14883333333333362,376,0.18180555555555783,748,0.20497222222222136,314,GCMU
GCMU,20646352,45.98061668679543,14.668178821875866,56.72768222517884,0.47687231712486816,4.242159370408494,45.96811821925086,35.32144979548795,18.301038648997313,28.97469355807329,0.0,0.10415412402167369,1.0,0.8958458759783263,0.8717950407685647,2258,2230,1326,2219,39,0,27,3,9865,0,0.14615277777778207,1238,0.1484375000000003,375,0.19128472222222467,787,0.19974999999999918,306,GCMU
GCMU,20654271,33.901071744495766,12.413802697672223,40.91284283369359,0.3588647860391565,3.3599335402317503,33.22313007340535,25.865335267537535,13.790696115935663,21.424049017719966,0.0,0.0617876424715057,1.0,0.9382123575284943,0.865066713608384,2221,2212,1287,2207,14,0,8,1,9661,0,0.14438194444444866,1223,0.15833333333333366,400,0.1764583333333355,726,0.1879999999999993,288,GCMU
GCMU,20662190,73.83491919073795,23.162055347975844,90.74586310039348,0.7601822889111892,5.800053192789108,73.48705397501473,56.505403778766095,28.224725259160373,45.79326111795889,0.0,0.17779090372120496,1.0,0.822209096278795,0.901873484140298,2264,2260,1378,2254,10,0,2,2,10129,0,0.15170138888889342,1285,0.168229166666667,425,0.19517361111111362,803,0.2082361111111102,319,GCMU
GCMU,20670109,53.33316050384657,15.383086641378533,65.90118732217718,0.5401191296132271,4.27743121936621,52.94205191233598,40.85653851001648,20.707485927460933,33.310389740153894,0.0,0.14520870076425632,1.0,0.8547912992357437,0.8937421179414566,2264,2263,1355,2259,5,0,0,0,9999,0,0.1500486111111156,1271,0.165854166666667,419,0.18156250000000226,747,0.20236111111111027,310,GCMU
GCMU,20678028,18.48425867349157,7.862112782538996,22.126330324397067,0.20422116859745088,2.516623077740534,17.994660960601635,14.041269569220523,7.949167205464639,11.794331160220741,0.0,0.015822784810126583,1.0,0.9841772151898734,0.8156214400821274,2128,2122,1240,2111,17,0,5,7,9297,0,0.13871527777778173,1175,0.14685416666666695,371,0.17256944444444655,710,0.1879999999999993,288,GCMU
GCMU,20685947,59.09386102369928,18.36606648961151,72.55857952092548,0.6065300596151556,4.805692437297968,58.64334187924744,45.21348466228332,23.047045388171394,36.90944094630185,0.0,0.16676418958455236,1.0,0.8332358104154476,0.8913251947494372,2278,2277,1364,2274,4,0,0,0,10012,0,0.151819444444449,1286,0.15516666666666698,392,0.17791666666666886,732,0.19844444444444365,304,GCMU
GCMU,20693866,54.7369393270599,17.660159635278028,67.52977493499915,0.5693982604299899,4.851158359838057,54.3538923124852,41.61127481254504,21.41373999363796,33.944317615401395,0.0,0.14277071990320628,1.0,0.8572292800967938,0.8706429434975668,2248,2226,1362,2222,26,0,19,3,9999,0,0.15099305555556006,1279,0.15714583333333365,397,0.19152777777778024,788,0.20888888888888799,320,GCMU
GCMU,20701785,44.414053429430304,14.532508958472716,55.00591165421281,0.4651957711586285,4.182470109962721,45.34150162780779,34.60517197780933,17.576639217643137,28.286651860659223,0.0,0.08134556574923547,1.0,0.9186544342507645,0.8685138012983534,2248,2212,1305,2201,47,1,34,6,9776,0,0.14650694444444876,1241,0.15912500000000032,402,0.1825347222222245,751,0.18930555555555487,290,GCMU
GCMU,20709704,36.02161558840406,13.193666940375893,43.29243909017815,0.3798584828833701,3.944813465804572,34.61222687700574,27.199789285688507,15.034729024913974,22.70669858982549,0.0,0.047900650502661145,1.0,0.9520993494973389,0.868048349036648,2235,2230,1306,2223,12,0,2,4,9709,0,0.1454444444444487,1232,0.1520000000000003,384,0.1747569444444466,719,0.1821249999999994,279,GCMU
GCMU,20717623,41.10684662181462,12.695576458494797,50.55415732285751,0.4217590832252828,3.7090718519550445,41.2160507523497,31.847853652342284,16.15572571612569,26.094677417066546,0.0,0.04860267314702309,1.0,0.951397326852977,0.8395549897349937,2205,2194,1270,2184,21,0,10,2,9537,0,0.14202083333333743,1203,0.15041666666666698,380,0.17548611111111326,722,0.1795138888888883,275,GCMU
GCMU,20725542,54.814880987654675,18.251965390399274,66.97346674645593,0.5706613892066348,4.948368223162248,54.478867108868144,42.052176107294244,21.870903897786032,34.60742830176538,0.0,0.14548693586698339,1.0,0.8545130641330166,0.8665107679113345,2275,2248,1314,2236,39,1,25,7,9869,0,0.1456805555555598,1234,0.1579375000000003,399,0.18229166666666893,750,0.2036666666666658,312,GCMU
GCMU,20733461,31.067205151314276,10.529818195449485,37.82920893482422,0.3240987421581878,3.166701997671886,30.327406305500627,23.61198446058334,12.711466451055118,19.541914643286084,0.0,0.031687995124923825,1.0,0.9683120048750762,0.8473855909434952,2193,2180,1299,2172,21,0,11,4,9674,0,0.1460347222222265,1237,0.161104166666667,407,0.18277777777778006,752,0.1879999999999993,288,GCMU
GCMU,20741380,34.89390815595892,13.035936695290665,41.7845003786208,0.3688954477932283,3.6513017291097296,33.69302347030268,26.490766529122258,14.472376811329996,21.948111625752563,0.0,0.07155852031534263,1.0,0.9284414796846574,0.8566526350949183,2193,2169,1318,2157,36,0,22,5,9710,0,0.14674305555555986,1243,0.15991666666666698,404,0.18277777777778006,752,0.19126388888888818,293,GCMU
GCMU,20749299,44.3248309143216,14.805926098247005,54.88911334393321,0.46692944646331697,4.259247514730398,44.51236318153967,33.90050516392686,17.633681836965557,27.879994982403097,0.0,0.07402912621359223,1.0,0.9259708737864077,0.8669581198144461,2241,2238,1315,2231,10,0,1,2,9823,0,0.146979166666671,1245,0.1460625000000003,369,0.1898263888888913,781,0.19713888888888811,302,GCMU
GCMU,20757218,47.584917601020294,14.786078920072582,58.160707689916315,0.4866711271310857,4.020337278926602,47.63065404252752,36.976538370107235,18.649243465095,30.27065532104786,0.0,0.0790108564535585,1.0,0.9209891435464415,0.8463417811753723,2217,2194,1266,2186,31,0,22,3,9549,0,0.14107638888889296,1195,0.15477083333333364,391,0.17500000000000215,720,0.18343055555555493,281,GCMU
GCMU,20765137,34.01809514015231,12.082381264785356,41.811757028136746,0.36267010969566366,3.660570226334606,33.491834196599925,25.64931638360257,13.953007869048845,21.22822369149853,0.0,0.03621853898096992,1.0,0.9637814610190301,0.8690529762585362,2223,2210,1343,2201,22,0,13,2,9868,0,0.1502847222222267,1273,0.14566666666666694,368,0.18763888888889127,772,0.20693055555555467,317,GCMU
GCMU,20773056,39.796859676673556,13.96063935668845,48.758557590650476,0.4215244896176253,3.855838517306105,39.54727348283075,30.372178451940574,16.25630973256509,25.180723801446977,0.0,0.08323424494649227,1.0,0.9167657550535078,0.8653496390764664,2274,2264,1317,2256,18,0,8,2,9846,0,0.14686111111111544,1244,0.15714583333333365,397,0.17111111111111318,704,0.2036666666666658,312,GCMU
GCMU,20780975,37.776613530845964,13.744674037433601,46.020721493066965,0.40257343137312096,3.808650138335847,37.95544379115205,29.24201804806169,15.441276372282836,24.175325931832983,0.0,0.07069486404833837,1.0,0.9293051359516616,0.8495967070494108,2245,2222,1289,2212,33,0,20,5,9639,0,0.14438194444444866,1223,0.13775000000000026,348,0.17184027777777985,707,0.19387499999999924,297,GCMU
GCMU,20788894,27.619792371614988,9.674630620467882,33.75688232114149,0.29180169602826705,2.9012077192883456,27.051203244043144,20.89727876459461,11.581667478647141,17.435505153428895,0.0,0.0474430067775724,1.0,0.9525569932224276,0.8441313262127289,2186,2178,1288,2170,16,0,8,2,9563,0,0.14390972222222642,1219,0.1555625000000003,393,0.17256944444444655,710,0.18408333333333268,282,GCMU
GCMU,20796813,26.264027067269478,9.257174297608978,32.02183302063416,0.27740171799667007,2.8023907415731784,25.55500345660471,19.787184266939853,10.834085562002322,16.428466374714183,0.0,0.032520325203252036,1.0,0.967479674796748,0.8353123328677089,2148,2142,1286,2135,13,1,4,4,9491,0,0.1445000000000042,1224,0.15437500000000032,390,0.17232638888889099,709,0.18669444444444377,286,GCMU
GCMU,20804732,45.470657659446644,15.501556537945163,55.595353984278226,0.47678550914403234,4.348240627932423,45.008545823415645,34.75976807286155,17.793533810840152,28.405318674010065,0.0,0.11009174311926606,1.0,0.8899082568807339,0.8641698451289358,2191,2186,1309,2178,13,1,3,2,9674,0,0.1478055555555599,1252,0.15279166666666696,386,0.17840277777778,734,0.1886527777777771,289,GCMU
GCMU,20812651,53.1637114394543,17.51441676022612,65.710550287519,0.5570185810554167,4.547599749321232,52.94380124516655,40.335486455819165,21.144339498510547,33.076686243041024,0.0,0.11264230077890952,1.0,0.8873576992210905,0.8886326782352282,2273,2257,1373,2251,22,0,15,1,10054,0,0.15323611111111574,1298,0.15002083333333363,379,0.18229166666666893,750,0.21802777777777677,334,GCMU
GCMU,20820570,31.277780191548242,10.321896038807287,38.26747094104648,0.3251904629840896,3.277822015271725,30.737082816344387,23.872267616076222,12.6100968658901,19.636159415405206,0.0,0.03884711779448621,1.0,0.9611528822055138,0.8367572654392796,2138,2128,1283,2119,19,0,7,3,9378,0,0.14296527777778192,1211,0.13181250000000025,333,0.17208333333333542,708,0.18081944444444384,277,GCMU
GCMU,20828489,37.60761736689949,12.119012852001568,45.65912852215973,0.3861279016233608,3.846555688119103,36.70360260463826,28.791588978257078,15.193468870459666,23.740062509640307,0.0,0.04049079754601227,1.0,0.9595092024539877,0.8410274060765283,2175,2147,1269,2137,38,1,26,7,9479,0,0.14131250000000406,1197,0.15279166666666696,386,0.1808333333333356,744,0.17559722222222168,269,GCMU
GCMU,20836408,59.60509962147889,16.31827865555461,73.47020923815447,0.5956798894389503,4.720548841424403,59.126370609962656,45.94445044968205,22.26374823204667,36.941977897009416,0.0,0.14454277286135694,1.0,0.855457227138643,0.8886243599721642,2245,2237,1372,2230,15,1,5,2,9994,0,0.15264583333333792,1293,0.15002083333333363,379,0.18593750000000234,765,0.20497222222222136,314,GCMU
GCMU,20844327,32.436177171061615,10.550780213650297,39.456268594863204,0.33436149222203093,3.337904509007221,31.84086487003764,24.930666353616267,12.906320849724805,20.46418841247157,0.0,0.06197854588796186,1.0,0.9380214541120382,0.8564040595275495,2217,2215,1309,2207,10,0,1,2,9712,0,0.14638888888889318,1240,0.14962500000000029,378,0.18277777777778006,752,0.17886111111111053,274,GCMU
GCMU,20852246,34.80048910919229,12.366772935469363,42.604754697773956,0.36979906786803235,3.46353543823225,34.130844881196154,26.22778474463403,14.501379443827215,21.803112046829572,0.0,0.05220125786163522,1.0,0.9477987421383648,0.8399268510288773,2157,2142,1298,2131,26,0,13,7,9579,0,0.1454444444444487,1232,0.162291666666667,410,0.17378472222222435,715,0.19909722222222143,305,GCMU
GCMU,20860165,39.76781745174628,14.506604434410743,48.46404467712076,0.4242740956607223,4.04030658503591,39.20256165969947,30.210564257471116,16.304982813782566,25.041515698933267,0.0,0.07142857142857142,1.0,0.9285714285714286,0.8604288729497231,2189,2182,1291,2175,14,0,6,3,9570,0,0.1445000000000042,1224,0.15754166666666697,398,0.16819444444444645,692,0.18538888888888824,284,GCMU
GCMU,20868084,40.56553681197545,13.962323338287984,48.9995265907713,0.42206975028550375,3.68568406795775,39.228226219825615,30.67919850917552,16.24150955914478,25.190017759856914,0.0,0.09435096153846154,1.0,0.9056490384615384,0.8685073380441459,2198,2191,1344,2181,17,0,5,4,9851,0,0.14934027777778222,1265,0.1615000000000003,408,0.18958333333333574,780,0.19713888888888811,302,GCMU
GCMU,20876003,55.41933752629301,18.789611749168436,67.56153867730535,0.5787737997743215,4.911014875194951,54.35911410108935,41.849245391686445,22.425818169310293,34.57034816109797,0.0,0.11083743842364532,1.0,0.8891625615763546,0.8597607839669742,2223,2174,1303,2161,62,1,48,8,9707,0,0.14461805555555976,1225,0.15239583333333365,385,0.1820486111111134,749,0.20888888888888799,320,GCMU
GCMU,20883922,39.33319475909882,13.519909542575906,48.33969925832176,0.41520328978050985,3.821125829772238,38.97908100395178,29.865256830571283,15.826927945661673,24.625741771184714,0.0,0.055417185554171855,1.0,0.9445828144458281,0.8456524584994789,2170,2168,1291,2165,5,0,0,1,9550,0,0.14438194444444866,1223,0.14883333333333362,376,0.1747569444444466,719,0.1932222222222215,296,GCMU
GCMU,20891841,35.52761573833724,12.478986543757157,43.42194745024234,0.3756560893665993,3.5989613853829288,35.053524879598,26.997042676720024,14.138664148535923,22.187029560435114,0.0,0.08302808302808302,1.0,0.9169719169719169,0.8600397290447905,2202,2202,1316,2195,7,0,0,0,9683,0,0.14509027777778202,1229,0.14883333333333362,376,0.1771875000000022,729,0.19387499999999924,297,GCMU
GCMU,20899760,26.279282225491098,10.736322186973556,31.360262312802252,0.2851198884209482,3.1475254981334695,24.910556683861763,19.55899163819087,11.22415818255594,16.427336377813432,0.0,0.034161490683229816,1.0,0.9658385093167702,0.8398822986234473,2136,2135,1285,2131,5,0,0,0,9518,0,0.1436736111111153,1217,0.15477083333333364,391,0.1788888888888911,736,0.20758333333333243,318,GCMU
GCMU,20907679,46.270856045478645,16.28265257881958,56.77699080075497,0.4912026030119621,4.340103208627318,46.293114835800296,35.410711269815,18.492599299788345,29.036821041747302,0.0,0.10024752475247525,1.0,0.8997524752475248,0.8590912306808014,2205,2182,1319,2170,35,1,21,6,9723,0,0.14686111111111544,1244,0.14408333333333362,364,0.18788194444444684,773,0.1925694444444437,295,GCMU
GCMU,20915598,26.87988141840185,9.750465242320125,32.549321862284934,0.2846157380367569,3.106213941481483,26.183605405652756,20.458722648404102,10.539877156088906,16.727233899492266,0.0,0.0,1.0,1.0,0.8147207718588456,2077,2076,1252,2071,6,0,0,0,9216,0,0.13954166666667064,1182,0.14012500000000028,354,0.17572916666666882,723,0.186041666666666,285,GCMU
GCMU,20923517,39.50422000923645,12.863914791432501,48.337584370929335,0.4092835164004468,3.535149484184497,39.1710652610762,30.308893561744114,16.190536257429017,25.195375152445976,0.0,0.0775058275058275,1.0,0.9224941724941725,0.8652176310409462,2288,2284,1297,2277,11,0,3,2,9841,0,0.1448541666666709,1227,0.16387500000000033,414,0.17791666666666886,732,0.18538888888888824,284,GCMU
GCMU,20931436,41.669902452465905,14.611829603483823,50.33308859548752,0.43584138914065174,4.009606053530574,40.83143755094368,31.896231650883347,16.659175989627773,26.19874558800146,0.0,0.07692307692307693,1.0,0.9230769230769231,0.8594433327298552,2199,2180,1302,2173,26,0,16,3,9656,0,0.14426388888889308,1222,0.14527083333333363,367,0.1856944444444468,764,0.19779166666666587,303,GCMU
GCMU,20939355,57.321557112632725,17.760609384976327,69.90160743607157,0.584807127784495,4.8358029201109884,56.53960094548927,44.06421645136224,22.299446885875653,35.98918947418997,0.0,0.1318615751789976,1.0,0.8681384248210025,0.8646327841454032,2210,2209,1303,2205,5,0,1,0,9713,0,0.1445000000000042,1224,0.17693750000000036,447,0.1747569444444466,719,0.18343055555555493,281,GCMU
GCMU,20947274,27.774708353112704,9.622801548985048,33.56291565412348,0.2896205903971009,3.131633844421082,26.832736914102743,21.11780980232611,11.217707742778638,17.42925572286499,0.0,0.040097205346294046,1.0,0.959902794653706,0.8432257601081417,2171,2169,1288,2159,12,0,1,1,9522,0,0.14497222222222644,1228,0.1381458333333336,349,0.17500000000000215,720,0.1906111111111104,292,GCMU
GCMU,20955193,36.934057969648755,12.02897239537161,45.271914870060144,0.38321024005837756,3.6971707610925724,36.46775405276318,28.26369255986469,14.446494914394414,23.017058593650397,0.0,0.06505576208178439,1.0,0.9349442379182156,0.8566756056085032,2165,2153,1318,2145,20,0,9,2,9626,0,0.1445000000000042,1224,0.1555625000000003,393,0.18229166666666893,750,0.1886527777777771,289,GCMU
GCMU,20963112,42.84890158144749,14.513846207819341,51.873019038526934,0.44471975856769375,3.8999109904782223,42.59474343798788,33.23365066904367,16.33494172402719,26.866500753257064,0.0,0.108348134991119,1.0,0.8916518650088809,0.8693696958890273,2246,2228,1347,2219,27,1,16,4,9939,0,0.15099305555556006,1279,0.162291666666667,410,0.18229166666666893,750,0.2036666666666658,312,GCMU
GCMU,20971031,38.931945941210735,13.381139413527496,46.959522075213904,0.4044085300359011,3.756871153441272,38.05454568141238,29.842202267754335,15.208533050482385,24.39453863254498,0.0,0.0738255033557047,1.0,0.9261744966442953,0.8477939722680072,2156,2155,1278,2150,6,0,0,0,9438,0,0.14261111111111524,1208,0.14329166666666696,362,0.17135416666666875,705,0.18343055555555493,281,GCMU
GCMU,20978950,79.66456344160831,26.023991537123123,97.91278544456351,0.8290193458507346,6.104971297688891,79.40726605698401,60.84774887324759,30.840274272894774,49.500651439031046,0.0,0.2358974358974359,1.0,0.764102564102564,0.9179277114531035,2354,2350,1429,2344,10,0,3,1,10520,0,0.16067361111111605,1361,0.17377083333333368,439,0.20416666666666924,840,0.19648611111111033,301,GCMU
GCMU,20986869,25.681392779200863,9.83232557099971,31.490731323560308,0.2799436383483936,3.1429930633783214,25.368758281869177,19.413432073348076,10.83317383861585,16.2176859646874,0.0,0.03935040599625234,1.0,0.9606495940037476,0.8494379613785582,2197,2187,1298,2181,16,0,7,3,9600,0,0.14426388888889308,1222,0.1484375000000003,375,0.1764583333333355,726,0.18277777777777715,280,GCMU
GCMU,20994788,43.270175673794924,14.055264346772047,53.44209594411892,0.4513315154838339,4.055741621319693,43.14409869587599,33.0239624121895,17.038924653919924,27.04670987136142,0.0,0.10659272951324707,1.0,0.893407270486753,0.8603264027834888,2194,2190,1308,2180,14,0,4,3,9715,0,0.146979166666671,1245,0.15160416666666696,383,0.18229166666666893,750,0.20693055555555467,317,GCMU
GCMU,21002707,50.868221690587355,16.670497688692464,62.71068990509529,0.5311015730821512,4.551177734207231,50.84686207174849,38.929778906694075,20.391620448679568,32.075069125786115,0.0,0.07259528130671507,1.0,0.9274047186932849,0.8502114366243554,2233,2226,1306,2216,17,0,6,4,9658,0,0.14426388888889308,1222,0.1472500000000003,372,0.17135416666666875,705,0.1749444444444439,268,GCMU
GCMU,21010626,38.06916635566846,12.278738703308301,46.764670059606196,0.39464404930875274,3.6186148213251497,37.34716305560776,28.839060798311237,15.419544767018339,23.811467468277584,0.0,0.04939759036144578,1.0,0.9506024096385542,0.8577001750580437,2227,2220,1330,2213,14,0,5,0,9882,0,0.1466250000000043,1242,0.17218750000000035,435,0.18763888888889127,772,0.20301388888888805,311,GCMU
GCMU,21018545,52.861727030015246,17.340076407581673,66.0529661638266,0.5579048278135096,4.647261131660345,53.29600712223189,40.17134543412805,20.975169392636154,32.91039318807311,0.0,0.09359605911330049,1.0,0.9064039408866995,0.8777813358482617,2225,2224,1353,2212,13,0,1,2,9947,0,0.15099305555556006,1279,0.16347916666666698,413,0.19322916666666914,795,0.18669444444444377,286,GCMU
GCMU,21026464,37.476149816623256,12.010962192037619,46.046907325201204,0.38791472415903017,3.688612871994742,37.354838123862535,28.850807434393893,14.60588276071766,23.536199560390646,0.0,0.07013301088270858,1.0,0.9298669891172914,0.8668452993825134,2227,2213,1317,2204,23,1,10,3,9810,0,0.14804166666667104,1254,0.1555625000000003,393,0.1856944444444468,764,0.20105555555555474,308,GCMU
GCMU,21034383,40.559918164521555,12.628163086569387,49.076705532872865,0.41176864641317,3.634551788662247,39.41605665969477,31.05785995826752,15.870829858418688,25.358428696248456,0.0,0.05493207324276432,1.0,0.9450679267572357,0.8636702509175886,2217,2209,1327,2204,13,0,6,2,9751,0,0.14591666666667094,1236,0.14922916666666697,377,0.17937500000000223,738,0.19779166666666587,303,GCMU
