policy,seed,wait_total,wait_l3,wait_l4,holding_cost,wait_init_l3,wait_init_l4,wait_init_all,wait_follow,wait_per_consult,delay_rate_l3,delay_rate_l4,sl_l3,sl_l4,physician_util,n_arrivals,n_initial_done,n_follow_done,n_pathway_done,n_unfinished,q_end_init3,q_end_init4,q_end_follow,n_events,max_queue_len,util_laboratory,nexams_laboratory,util_xray,nexams_xray,util_ct,nexams_ct,util_ultrasound,nexams_ultrasound
IFP,20250402,60.551443767142175,59.86978346654052,60.7826501848901,0.8836835133134501,1.8531507539427197,4.241900983681888,3.6387751150404375,98.13619706762333,38.13824566045227,0.0,0.0,1.0,1.0,0.8875401003306168,2317,2313,1330,2290,27,0,1,20,10050,0,0.14863194444444885,1259,0.17258333333333367,436,0.17840277777778,734,0.19387499999999924,297
IFP,20258321,62.94002968971107,57.58616561124939,64.76221072904319,0.8900651838876456,1.8939790574095656,4.116183823561176,3.5529476311586263,101.44237390729484,39.57824410334075,0.0,0.0,1.0,1.0,0.8616239060793532,2243,2241,1305,2229,14,0,2,4,9753,0,0.14520833333333757,1230,0.1425000000000003,360,0.18350694444444673,755,0.19126388888888818,293
IFP,20266240,57.33167789480519,50.03843220377268,59.73269340793074,0.7875943280693476,1.7512578034903434,4.20801970989646,3.6002943962065257,89.40796304135146,35.61596839990784,0.0,0.0,1.0,1.0,0.8968842492350663,2281,2280,1357,2257,24,0,1,18,10139,0,0.1541805555555602,1306,0.161104166666667,407,0.19420138888889138,799,0.20693055555555467,317
IFP,20274159,50.763065681770385,52.877549840811525,50.00687538851869,0.771249375799078,1.7295318135230744,3.618120905524505,3.119966415963895,81.83029937550118,31.9551082578375,0.0,0.0,1.0,1.0,0.8532924508051789,2234,2233,1291,2217,17,0,0,9,9712,0,0.14343750000000416,1215,0.16189583333333366,409,0.17670138888889106,727,0.18734722222222155,287
IFP,20282078,67.71000333875023,66.2284441458906,68.24223111813373,1.0018412210032204,1.9017470625086923,3.9770917378829282,3.4290413107325954,108.2928707526443,42.31016455890086,0.0,0.0,1.0,1.0,0.8946200012754133,2293,2291,1350,2274,19,0,1,12,10067,0,0.15075694444444895,1277,0.1472500000000003,372,0.19565972222222475,805,0.19648611111111033,301
IFP,20289997,64.21043455635349,63.35819726480535,64.49312281340312,0.9296198466115146,1.7413136384721701,3.9779040001191417,3.4179956646864307,101.28974013790803,39.82372004008591,0.0,0.0,1.0,1.0,0.8746428296311913,2206,2205,1306,2176,30,0,0,25,9815,0,0.1481597222222266,1255,0.15991666666666698,404,0.19055555555555798,784,0.20105555555555474,308
IFP,20297916,43.364637156489636,40.34536202917872,44.39642386256514,0.6182664024174949,1.7761032599043265,4.053781958293325,3.476371333079274,66.41775596053546,26.94089092872096,0.0,0.0,1.0,1.0,0.8670483555355686,2210,2209,1313,2183,27,0,0,23,9809,0,0.14957638888889332,1267,0.16902083333333368,427,0.18034722222222446,742,0.1886527777777771,289
IFP,20305835,28.24465083611928,26.434493138763713,28.820610103459693,0.3948905833797406,1.638608007247175,3.1445849178698273,2.780687151362495,43.166078001138374,17.739114540425195,0.0,0.0,1.0,1.0,0.832979888877704,2153,2152,1266,2146,7,0,0,0,9458,0,0.14013194444444846,1187,0.15833333333333366,400,0.17815972222222443,733,0.186041666666666,285
IFP,20313754,43.851129277324524,44.23588668896468,43.72759588878012,0.6341998272967733,1.6473736419967755,3.62904589135886,3.146705979209879,69.39556258639685,27.580766055173207,0.0,0.0,1.0,1.0,0.865792138656818,2237,2235,1306,2226,11,0,0,5,9768,0,0.14509027777778202,1229,0.1567500000000003,396,0.1813194444444467,746,0.19126388888888818,293
IFP,20321673,53.294438818822854,53.12524665401717,53.354665217589336,0.7927780606556516,1.801101661474048,4.089257215951492,3.4923470713052023,82.71494867933579,33.06878500496997,0.0,0.0,1.0,1.0,0.8447833955928079,2164,2162,1288,2137,27,1,1,15,9584,0,0.14473611111111534,1226,0.15120833333333364,382,0.18350694444444673,755,0.18734722222222155,287
IFP,20329592,54.292537561778325,51.48664599374877,55.18154967596994,0.762136359608748,1.8910631736249355,3.9080842800108475,3.4203731091184335,86.40977917713404,33.80253458985916,0.0,0.0,1.0,1.0,0.8482081848564103,2228,2225,1285,2182,46,0,1,39,9728,0,0.1479236111111155,1253,0.15912500000000032,402,0.17184027777777985,707,0.1886527777777771,289
IFP,20337511,39.856966950543786,36.91641677203145,40.85863213345594,0.5666408158690237,1.6698229336948913,3.5024744596226554,3.038822068961668,63.092257716013876,24.988177203118166,0.0,0.0,1.0,1.0,0.8308573736287518,2171,2170,1250,2141,30,0,1,25,9405,0,0.14143055555555964,1198,0.1520000000000003,384,0.16868055555555758,694,0.16058333333333297,246
IFP,20345430,69.68836144895042,65.75127295393875,70.87875173508922,0.9623550705470858,1.814083371862272,4.175732115855275,3.6256586506395134,111.19528100449206,43.278774341863574,0.0,0.0,1.0,1.0,0.8795216132495118,2255,2254,1316,2214,41,0,0,37,9933,0,0.151819444444449,1286,0.15239583333333365,385,0.1832638888888912,754,0.20497222222222136,314
IFP,20353349,44.343635883396196,44.794413826391605,44.18867231797113,0.6560180987402625,1.8574588141231405,3.925968837465841,3.393058265922434,69.8056295847698,27.68572952829622,0.0,0.0,1.0,1.0,0.8594627499943899,2228,2228,1285,2189,39,0,0,33,9726,0,0.14638888888889318,1240,0.1567500000000003,396,0.17937500000000223,738,0.1801666666666661,276
IFP,20361268,100.53263998254823,105.4036632081652,98.98795513983006,1.4722126539119242,1.7198851961123753,4.223256258123673,3.62099267988219,157.43849950441046,62.06558435258498,0.0,0.0,1.0,1.0,0.8802362127325619,2204,2203,1350,2193,11,0,0,8,9875,0,0.15193750000000456,1287,0.16862500000000033,426,0.17815972222222443,733,0.19452777777777702,298
IFP,20369187,53.23018022755854,52.66452354470326,53.434124473758054,0.7924873037133136,1.8362565279776542,4.0909263595239524,3.4933521753149384,82.15782681026425,33.06746456982589,0.0,0.0,1.0,1.0,0.8764104534966948,2212,2211,1332,2200,12,0,0,8,9800,0,0.14686111111111544,1244,0.156354166666667,395,0.18302083333333563,753,0.19387499999999924,297
IFP,20377106,40.90653043889637,39.25341903974737,41.410515694078896,0.57016751694263,1.8926965327649616,3.598638887949461,3.1998267773034756,62.60249114389734,25.509965377055842,0.0,0.0,1.0,1.0,0.8559032196084548,2174,2173,1307,2170,4,0,0,0,9593,0,0.14284722222222637,1210,0.15279166666666696,386,0.17548611111111326,722,0.19452777777777702,298
IFP,20385025,51.48770021750015,53.199903731665046,50.87963772255527,0.7776111245921289,1.7304979329423469,3.448231894662764,2.995186281155815,82.71867132959935,32.2970043651186,0.0,0.0,1.0,1.0,0.8595858426122364,2238,2237,1300,2217,21,0,0,15,9745,0,0.14414583333333753,1221,0.15120833333333364,382,0.17743055555555776,730,0.19974999999999918,306
IFP,20392944,46.290710682769856,43.629123596854036,47.244318339911786,0.6734656399051467,1.6200914879815767,3.630378505994237,3.101502625386923,73.3073697764191,28.87041076760104,0.0,0.0,1.0,1.0,0.8382656235251934,2164,2159,1252,2123,41,0,2,32,9467,0,0.14284722222222637,1210,0.14883333333333362,376,0.1771875000000022,729,0.1821249999999994,279
IFP,20400863,63.44104245905422,67.98338262048439,62.01322108046129,0.9351472995335336,1.8637925730530382,3.907390402665922,3.4188627713688295,99.97522828047887,39.63087027729866,0.0,0.0,1.0,1.0,0.8785297039558008,2240,2238,1343,2237,3,0,0,0,9882,0,0.14957638888889332,1267,0.161104166666667,407,0.18302083333333563,753,0.18081944444444384,277
IFP,20408782,61.48857105294393,60.74790538997473,61.723469115746326,0.8780796224058776,1.7106488056396398,3.929782694492289,3.3975395730505658,97.7394026944803,38.20024507524886,0.0,0.0,1.0,1.0,0.8913822718832733,2293,2289,1338,2251,42,0,2,35,10044,0,0.15158333333333787,1284,0.15239583333333365,385,0.17815972222222443,733,0.21802777777777677,334
IFP,20416701,72.97922406708597,70.77622580663298,73.65141423952456,1.0218294655475895,1.7845795758104162,3.707455716209598,3.2579747411523883,116.41627652633866,45.33952007623304,0.0,0.0,1.0,1.0,0.8704961767057303,2216,2216,1312,2190,26,0,0,21,9750,0,0.14922222222222664,1264,0.14091666666666694,356,0.18180555555555783,748,0.1879999999999993,288
IFP,20424620,57.367280161207745,56.487185539702445,57.67802962015901,0.8465673984926122,1.6996702198421205,3.604771772355552,3.107261175839305,91.03953453361883,35.89684213978168,0.0,0.0,1.0,1.0,0.8546638747523352,2201,2198,1307,2192,9,0,1,4,9679,0,0.14556250000000426,1233,0.14368750000000027,363,0.18690972222222457,769,0.18408333333333268,282
IFP,20432539,47.24740796873967,48.40658682861967,46.87347930426225,0.6888905145481539,1.7144349771552356,3.530172085960823,3.0871092577841326,75.72680084257422,29.547071604671167,0.0,0.0,1.0,1.0,0.8591538928903322,2214,2213,1268,2173,41,0,0,35,9620,0,0.1445000000000042,1224,0.14408333333333362,364,0.1752430555555577,721,0.19387499999999924,297
IFP,20440458,37.685584597723484,35.921456643834645,38.271178528877535,0.53785373803812,1.686278450331285,3.7345569177176183,3.2236137188579392,58.1958693110797,23.48699793299079,0.0,0.0,1.0,1.0,0.8778083268721384,2274,2273,1327,2239,35,0,0,31,9988,0,0.15276388888889347,1294,0.16031250000000033,405,0.18350694444444673,755,0.18669444444444377,286
IFP,20448377,38.42076253774218,33.460667025189146,40.29695886957247,0.5497520903358997,1.6925252871099608,3.5670223131776613,3.0532840678942517,59.24848027080882,24.039311163585847,0.0,0.0,1.0,1.0,0.8467333753944014,2172,2171,1294,2168,4,0,0,0,9570,0,0.14390972222222642,1219,0.14804166666666696,374,0.1764583333333355,726,0.19974999999999918,306
IFP,20456296,68.06095127363857,61.67380050576529,70.20694011792403,0.9549313103655077,1.9561990835967469,4.161806452062842,3.6067006119025438,108.46640909790351,42.13447452304792,0.0,0.0,1.0,1.0,0.8614217093798956,2235,2233,1297,2183,52,0,1,45,9849,0,0.14851388888889328,1258,0.16427083333333367,415,0.18180555555555783,748,0.19909722222222143,305
IFP,20464215,41.87535775077653,39.603588270502506,42.60905305896708,0.5906624236254441,1.546420063821618,3.1442428131837112,2.754076792990642,65.13801292339876,26.000148120253932,0.0,0.0,1.0,1.0,0.8314395836898957,2152,2150,1277,2126,26,0,2,19,9570,0,0.14131250000000406,1197,0.16427083333333367,415,0.18180555555555783,748,0.20758333333333243,318
IFP,20472134,50.075727053215026,50.63045041645728,49.891381979368255,0.7330152440294074,1.6786501331941357,4.009070724419652,3.4293746354538857,79.97425149821768,31.5456576645966,0.0,0.0,1.0,1.0,0.8469391624543742,2204,2203,1279,2189,15,0,0,10,9574,0,0.1424930555555597,1207,0.15120833333333364,382,0.17329861111111322,713,0.18343055555555493,281
IFP,20480053,54.7975249351513,48.86521238137851,56.833570559712335,0.7687925323974232,1.791382289761224,4.188527100454694,3.5758416885150655,88.71022426107041,34.63294031565165,0.0,0.0,1.0,1.0,0.8666624550980092,2282,2281,1310,2266,16,0,1,10,9884,0,0.14733333333333767,1248,0.15397916666666697,389,0.1820486111111134,749,0.1879999999999993,288
IFP,20487972,52.78495782483054,50.25164950503851,53.66001576934383,0.7624126455917809,2.0589370811574166,3.693548074756757,3.2741119508304477,82.42372255080768,32.901706012592435,0.0,0.0,1.0,1.0,0.8682168424342707,2198,2198,1315,2189,9,0,0,2,9794,0,0.146979166666671,1245,0.16664583333333366,421,0.19250000000000247,792,0.18995833333333262,291
IFP,20495891,62.256412973292726,57.33235445571215,63.92470478053866,0.8815234597825652,1.6800427066391395,4.01312727961869,3.423222256354394,97.79660028136321,38.851916629677284,0.0,0.0,1.0,1.0,0.8899736823810782,2286,2286,1374,2284,2,0,0,0,10067,0,0.15276388888889347,1294,0.15833333333333366,400,0.17621527777777996,725,0.20431944444444358,313
IFP,20503810,52.732810668749934,55.62126696765611,51.73799490417196,0.7956661807215752,1.7756880073045824,3.455413659201838,3.0244264883669776,81.65269140817675,32.65215145119857,0.0,0.0,1.0,1.0,0.8803176256432883,2241,2241,1355,2225,16,0,0,12,10007,0,0.15063888888889337,1276,0.170604166666667,431,0.18812500000000237,774,0.19909722222222143,305
IFP,20511729,69.58564576993828,66.2105332034979,70.67244409186898,0.9830568352940151,1.8450680086989517,3.854043109169988,3.3649092075701543,108.99988005231019,43.23330532072931,0.0,0.0,1.0,1.0,0.8729338248188857,2225,2222,1347,2217,8,1,2,1,9868,0,0.1491041666666711,1263,0.14804166666666696,374,0.1849652777777801,761,0.20301388888888805,311
IFP,20519648,59.79259886119779,58.21289700525931,60.33916237253516,0.8723670768029228,1.801915311891621,3.750286669869045,3.25467822129262,95.44475057857652,37.04749544195815,0.0,0.0,1.0,1.0,0.8842345377566068,2290,2288,1324,2233,57,1,0,49,10114,0,0.15359027777778242,1301,0.16902083333333368,427,0.19006944444444687,782,0.20431944444444358,313
IFP,20527567,49.01920391354787,48.32654797758029,49.24675514160942,0.7072512372750235,1.7291389557445769,3.837331514689856,3.3152577618903734,76.81800316223595,30.606189509857092,0.0,0.0,1.0,1.0,0.8690687949883249,2226,2225,1314,2208,18,0,0,15,9811,0,0.14839583333333772,1257,0.1508125000000003,381,0.18812500000000237,774,0.1886527777777771,289
IFP,20535486,38.93302062324947,37.80456330792215,39.309855733993984,0.5610418265766597,1.854917062249266,3.432891845837833,3.0339854687785306,61.421733463750265,24.390911452183317,0.0,0.0,1.0,1.0,0.8575918897264116,2237,2235,1289,2205,32,0,0,26,9726,0,0.1448541666666709,1227,0.15991666666666698,404,0.17694444444444662,728,0.1801666666666661,276
IFP,20543405,52.60412469955003,49.92426445802975,53.48901392148561,0.7481892233363493,1.8205918835215227,3.854816363678374,3.35250566967473,82.3872163783545,32.80022121715752,0.0,0.0,1.0,1.0,0.879170763030065,2285,2280,1354,2264,21,0,2,13,10085,0,0.15276388888889347,1294,0.1579375000000003,399,0.19177083333333578,789,0.19779166666666587,303
IFP,20551324,67.05366429632264,66.33410498363584,67.2969685243534,0.9778266291132913,1.8704550571462564,3.9996315266340474,3.4614151338129235,104.1153122698883,41.48188472495302,0.0,0.0,1.0,1.0,0.8841697565990158,2250,2247,1364,2232,18,0,0,14,10044,0,0.15370833333333797,1302,0.16862500000000033,426,0.1796180555555578,739,0.21149999999999905,324
IFP,20559243,58.26378617909516,60.96596698107141,57.28953051579759,0.8894310827420578,1.8091563742552514,3.9833948416107976,3.407774752099289,93.13020571607257,36.47012065181759,0.0,0.0,1.0,1.0,0.8607491448272789,2221,2221,1296,2200,21,0,0,18,9706,0,0.14438194444444866,1223,0.15358333333333363,388,0.18423611111111343,758,0.1749444444444439,268
IFP,20567162,43.508190375019595,41.80878486960521,44.05589034212604,0.6173256552349445,1.6087758502500642,4.029138505619159,3.4396613174849024,69.05405319833399,27.439872416021142,0.0,0.0,1.0,1.0,0.8536773832438715,2209,2209,1274,2195,14,0,0,6,9599,0,0.14166666666667074,1200,0.15437500000000032,390,0.18350694444444673,755,0.1729861111111106,265
IFP,20575081,40.38680027945576,37.03375727056317,41.55598090522156,0.5759253678818379,1.77757873757539,3.5913889860871713,3.1219419909386796,63.16380065025391,25.292845015094926,0.0,0.0,1.0,1.0,0.8408543013846084,2185,2183,1278,2166,19,0,0,15,9580,0,0.1415486111111152,1199,0.15595833333333364,394,0.1796180555555578,739,0.19191666666666593,294
IFP,20583000,51.222211137225116,50.20848009126779,51.53998380121412,0.7264168743589865,1.7525574820759449,3.80978617781418,3.317497562475287,79.12224451173716,31.79226885602189,0.0,0.0,1.0,1.0,0.8683502620155186,2220,2219,1335,2204,16,0,0,10,9877,0,0.14768750000000436,1251,0.156354166666667,395,0.18690972222222457,769,0.21345833333333236,327
IFP,20590919,43.662080299525066,40.808935799195524,44.61253958198779,0.6187880525808138,1.6699674195343546,3.615198588149405,3.1259894645142294,67.83099558714684,27.152343440229252,0.0,0.0,1.0,1.0,0.8434476953935741,2180,2179,1287,2153,27,0,0,20,9627,0,0.1460347222222265,1237,0.15437500000000032,390,0.1776736111111133,731,0.19583333333333255,300
IFP,20598838,49.52610161464645,47.67118624910034,50.15704037480214,0.7152050853947456,1.9346606565312126,4.2025483865283615,3.629036405118257,78.90715599007748,31.124311285910174,0.0,0.0,1.0,1.0,0.871146216601286,2254,2254,1297,2230,24,0,0,20,9818,0,0.14627083333333762,1239,0.15754166666666697,398,0.1820486111111134,749,0.19126388888888818,293
IFP,20606757,69.14960765362999,62.15325168519903,71.2796457704825,0.9389003533856901,1.7708387866508073,3.883718713204466,3.390682329813692,108.71911608724643,42.68494591907719,0.0,0.0,1.0,1.0,0.885646086147316,2270,2267,1349,2228,42,0,1,36,10050,0,0.1533541666666713,1299,0.156354166666667,395,0.184479166666669,759,0.20301388888888805,311
IFP,20614676,84.37273245053052,82.72500173476061,84.89361576917035,1.1998527902828986,1.8797014771977865,4.077816184844041,3.549709812286657,133.8819107766126,51.771928321778304,0.0,0.0,1.0,1.0,0.923266547740104,2361,2360,1386,2294,67,0,0,59,10521,0,0.159611111111116,1352,0.17812500000000037,450,0.20173611111111375,830,0.20954166666666574,321
IFP,20622595,56.115282129651575,56.674660980347916,55.918725421584995,0.8360378810506344,1.8004800591588692,4.109559176079997,3.5104577341347616,88.55107328171724,34.96770953685646,0.0,0.0,1.0,1.0,0.8788060476276796,2275,2274,1335,2246,29,0,0,22,10051,0,0.15158333333333787,1284,0.16743750000000035,423,0.18934027777778017,779,0.20105555555555474,308
IFP,20630514,53.06591494422435,51.47479431808393,53.60541038994273,0.7680655732765905,1.6504671309015058,3.540631388665656,3.0640185418099337,83.49488403865925,32.98219294764452,0.0,0.0,1.0,1.0,0.8672800770017896,2205,2205,1306,2180,25,0,0,20,9737,0,0.14733333333333767,1248,0.161104166666667,407,0.17694444444444662,728,0.1925694444444437,295
IFP,20638433,68.49201336808571,65.05232312954166,69.61863056679299,0.9720158565663614,1.6850873583655608,3.8501499281785723,3.316700396085655,107.55700170025266,42.61561635022906,0.0,0.0,1.0,1.0,0.8728062074234666,2221,2216,1341,2213,8,0,2,1,9839,0,0.14957638888889332,1267,0.14883333333333362,376,0.18180555555555783,748,0.20497222222222136,314
IFP,20646352,55.82297514082801,50.87285075495193,57.49596155661078,0.7864513281469602,1.8438709177231705,3.988929536853824,3.4483899645396776,88.58297336683916,34.70576223388165,0.0,0.0,1.0,1.0,0.8720156516184516,2258,2258,1310,2213,45,0,0,38,9932,0,0.14827777777778217,1256,0.15041666666666698,380,0.1934722222222247,796,0.2017083333333325,309
IFP,20654271,38.612788280872444,40.46153721692421,38.00841099473391,0.5709861974342574,1.7652677516856963,3.4893604823669047,3.065912740942273,61.11442728893299,24.322181135836352,0.0,0.0,1.0,1.0,0.865181044331786,2221,2219,1282,2204,17,0,0,8,9674,0,0.1448541666666709,1227,0.15952083333333364,403,0.1771875000000022,729,0.1879999999999993,288
IFP,20662190,88.70942651480863,92.22789373555703,87.54076305259785,1.3141351530705698,1.9749771475390432,4.471593250345656,3.846887364320659,138.9220761562469,54.95942788822354,0.0,0.0,1.0,1.0,0.9022419401531623,2264,2262,1377,2254,10,0,1,2,10134,0,0.15193750000000456,1287,0.168229166666667,425,0.19565972222222475,805,0.2082361111111102,319
IFP,20670109,62.71983075958693,54.533750005965885,65.43083687834651,0.8618415235206041,1.8104753763396484,4.025635140509402,3.4755159237778934,98.76847331367313,39.1642824421052,0.0,0.0,1.0,1.0,0.894081663018701,2264,2263,1355,2259,5,0,0,0,10000,0,0.1500486111111156,1271,0.165854166666667,419,0.18156250000000226,747,0.20236111111111027,310
IFP,20678028,20.80409174469287,21.606661914055007,20.530615831928657,0.3106501574496512,1.5696208508110494,3.046136934642553,2.6691984139464995,30.950918342940504,13.063550430668638,0.0,0.0,1.0,1.0,0.8155413993751065,2128,2127,1236,2109,19,0,0,14,9309,0,0.13918750000000396,1179,0.14685416666666695,371,0.1735416666666688,714,0.1879999999999993,288
IFP,20685947,71.55184681192986,68.87023505146594,72.43839487785269,1.0240543391328176,1.7822326683066732,3.9613315093673487,3.417753054504607,113.58322511272075,44.688201801389255,0.0,0.0,1.0,1.0,0.8914225727589888,2278,2277,1364,2274,4,0,0,0,10013,0,0.151819444444449,1286,0.15516666666666698,392,0.17791666666666886,732,0.19844444444444365,304
IFP,20693866,65.73167899990271,65.20270349699034,65.91151789370686,0.9613413020399608,1.950567576066381,3.6108923473171046,3.187121258708345,102.73730533506674,40.58764925847482,0.0,0.0,1.0,1.0,0.8706316908389968,2248,2245,1351,2219,29,0,1,24,10037,0,0.1521736111111157,1289,0.15754166666666697,398,0.19298611111111358,794,0.21019444444444352,322
IFP,20701785,50.46479544380034,48.946308343081206,50.99589191745087,0.737619149290681,1.78096000303131,3.873257246803422,3.3357436628067574,80.9113776824865,31.49706287584987,0.0,0.0,1.0,1.0,0.8684798537699218,2248,2246,1280,2192,56,0,1,50,9840,0,0.14851388888889328,1258,0.1615000000000003,408,0.18520833333333567,762,0.1906111111111104,292
IFP,20709704,43.04050503681629,43.5366673098278,42.88345070736274,0.6203613339228318,1.748022470826529,3.4145326545099732,3.0122715756898315,68.26593712552027,27.057952065347393,0.0,0.0,1.0,1.0,0.868048349036648,2235,2233,1303,2221,14,0,0,7,9715,0,0.1456805555555598,1234,0.1520000000000003,384,0.1752430555555577,721,0.18277777777777715,280
IFP,20717623,48.72119984607945,44.335192741775195,50.17072170616049,0.6813270755509924,1.584109099759021,3.5804156050465585,3.084056274330782,78.89478767791695,30.70129127944449,0.0,0.0,1.0,1.0,0.8396223228824813,2205,2204,1263,2182,23,0,1,17,9559,0,0.14261111111111524,1208,0.15120833333333364,382,0.1759722222222244,724,0.1801666666666661,276
IFP,20725542,65.77491482750712,69.98635112313234,64.38368169042184,0.982592769922672,1.9446301631669722,3.677204842336882,3.2471114800781544,107.32241099993779,41.08737444276098,0.0,0.0,1.0,1.0,0.866460369425368,2275,2272,1298,2227,48,0,1,41,9927,0,0.1475694444444488,1250,0.15991666666666698,404,0.184479166666669,759,0.20562499999999911,315
IFP,20733461,36.23519541401885,32.33356297675761,37.513398924140006,0.5014299551937095,1.680954827115771,3.5846148409296457,3.1160884722329887,55.54878406308545,22.561825331695953,0.0,0.0,1.0,1.0,0.8476766602789054,2193,2190,1291,2164,29,0,0,18,9701,0,0.14709722222222654,1246,0.16268750000000032,411,0.18399305555555787,757,0.18930555555555487,290
IFP,20741380,41.99190744277715,40.72673094051494,42.38361963234617,0.5906421074100693,1.6834055748352432,3.611514521326215,3.1541164135820066,64.20301040000004,25.92521417052968,0.0,0.0,1.0,1.0,0.8568395616760985,2193,2192,1304,2153,40,0,0,35,9766,0,0.14839583333333772,1257,0.16070833333333365,406,0.1849652777777801,761,0.19452777777777702,298
IFP,20749299,52.29068513610125,51.290437016151444,52.647829689878954,0.7731322953984932,1.721339735441606,4.402279921280247,3.6961394259031044,82.44459804008633,32.825316100347834,0.0,0.0,1.0,1.0,0.867252592194943,2241,2240,1315,2231,10,0,0,2,9833,0,0.14733333333333767,1248,0.14685416666666695,371,0.19006944444444687,782,0.19779166666666587,303
IFP,20757218,56.0811296710848,55.44841671333505,56.283230361763486,0.8029315141623057,1.6133469323657035,3.9803120645532215,3.407797032580067,92.02899727438266,35.38504580745603,0.0,0.0,1.0,1.0,0.8463050524997195,2217,2216,1251,2181,36,0,0,29,9591,0,0.1423750000000041,1206,0.15595833333333364,394,0.17670138888889106,727,0.18538888888888824,284
IFP,20765137,40.894429257526056,38.69763387573874,41.67175685415849,0.5936407681901767,1.8257865431201714,3.723106318406036,3.227225621401498,62.0725694174839,25.30663370677811,0.0,0.0,1.0,1.0,0.8690965065992728,2223,2223,1335,2200,23,0,0,19,9899,0,0.15111111111111564,1280,0.1472500000000003,372,0.18885416666666907,777,0.20758333333333243,318
IFP,20773056,46.50553220225037,48.86856204014033,45.68587827042108,0.7021807930121212,1.8573511987664972,3.7214212354290166,3.243496670963119,74.35196492936767,29.30138637882947,0.0,0.0,1.0,1.0,0.8655013938713353,2274,2270,1313,2256,18,0,3,11,9864,0,0.14709722222222654,1246,0.15833333333333366,400,0.17184027777777985,707,0.20497222222222136,314
IFP,20780975,43.47822622993845,43.690565276333395,43.40663101478043,0.6377375348372577,1.7039994221446217,4.218924727843511,3.5834690022056903,69.22812242307731,27.332046690302583,0.0,0.0,1.0,1.0,0.8499163221344513,2245,2244,1272,2205,40,0,0,34,9687,0,0.14591666666667094,1236,0.13972916666666693,353,0.17378472222222435,715,0.19583333333333255,300
IFP,20788894,32.606889099955254,29.374858146960058,33.71221570292764,0.4588703495111737,1.5615533288857237,3.1850370049261856,2.772664721080668,50.44499406536823,20.417885498845227,0.0,0.0,1.0,1.0,0.8441231046080274,2186,2185,1284,2170,16,0,0,10,9576,0,0.14426388888889308,1222,0.15595833333333364,394,0.17305555555555766,712,0.18473611111111046,283
IFP,20796813,30.43424491462562,27.654145992425015,31.368483413512802,0.4275095319536393,1.4562272637573797,3.207184165939956,2.764141482862071,46.01535903516977,18.954976275037897,0.0,0.0,1.0,1.0,0.8353586843613982,2148,2146,1284,2135,13,1,0,7,9498,0,0.1448541666666709,1227,0.15477083333333364,391,0.17232638888889099,709,0.18669444444444377,286
IFP,20804732,54.49063132142759,54.415566796339085,54.51599095828182,0.7976212130089868,1.7890620702155868,3.5885784223583195,3.1356165630478374,85.47261086117588,33.94725908341654,0.0,0.0,1.0,1.0,0.8644075919294787,2191,2189,1309,2178,13,1,1,5,9687,0,0.1481597222222266,1255,0.1531875000000003,387,0.17864583333333556,735,0.18930555555555487,290
IFP,20812651,65.4696480829792,64.37272558687597,65.85238722730298,0.9618573594866245,1.6937073912345695,4.0279825881072195,3.42359957808471,102.38017325204058,40.55613506399273,0.0,0.0,1.0,1.0,0.8885466528308831,2273,2271,1364,2250,23,0,0,19,10081,0,0.1539444444444491,1304,0.1508125000000003,381,0.1832638888888912,754,0.2193333333333323,336
IFP,20820570,37.83626427006963,33.800088445942656,39.17995962639941,0.5263528964258135,1.6467096766125862,3.742437474739887,3.220467817153874,57.41025940001051,23.476106711361492,0.0,0.0,1.0,1.0,0.8365349214012662,2138,2136,1275,2114,24,0,0,18,9398,0,0.1436736111111153,1217,0.1322083333333336,334,0.17305555555555766,712,0.18147222222222162,278
IFP,20828489,44.35845157491507,39.03013171566265,46.01782391437514,0.6013666059795728,1.6071522053099403,3.5291809947716706,3.0714288508906704,70.35084922995686,27.6633523441724,0.0,0.0,1.0,1.0,0.8414177448598688,2175,2175,1253,2135,40,0,0,35,9532,0,0.14284722222222637,1210,0.15437500000000032,390,0.1825347222222245,751,0.17820833333333277,273
IFP,20836408,71.18138169886106,63.91514422352541,73.50021059122692,0.979738579572498,1.8848079398492459,4.220418574260354,3.655788349527606,109.98806894400502,43.950126259013814,0.0,0.0,1.0,1.0,0.8888230765535587,2245,2242,1368,2228,17,0,1,11,10008,0,0.1530000000000046,1296,0.1508125000000003,381,0.18642361111111347,767,0.20562499999999911,315
IFP,20844327,38.23100182541501,33.72622905459933,39.67328395131949,0.5230741449814802,1.5833073735938639,3.335855794392913,2.911163329605418,59.56591628431627,23.939658467165533,0.0,0.0,1.0,1.0,0.8563940791678313,2217,2216,1308,2206,11,0,0,8,9723,0,0.14674305555555986,1243,0.15041666666666698,380,0.18302083333333563,753,0.17886111111111053,274
IFP,20852246,42.94292168308099,41.341449930580396,43.492605097498064,0.6219565902488727,1.7459684707315148,3.2036542991577583,2.830616479365785,66.28212656991107,26.542025737940655,0.0,0.0,1.0,1.0,0.8399041858375913,2157,2157,1287,2125,32,0,0,26,9609,0,0.14615277777778207,1238,0.16387500000000033,414,0.1752430555555577,721,0.19909722222222143,305
IFP,20860165,46.69214931992439,48.989539081255536,45.903620366591795,0.7020523745133757,2.060857393992856,3.933586884377278,3.4559895097728415,72.97860492922693,29.20436535001384,0.0,0.0,1.0,1.0,0.8605208528479404,2189,2188,1287,2172,17,0,1,13,9592,0,0.14520833333333757,1230,0.15872916666666698,401,0.16868055555555758,694,0.18669444444444377,286
IFP,20868084,49.33582668070199,49.94805917785293,49.14321005569255,0.7099713335586908,1.6970906417947929,3.5307013105258105,3.0910685432731966,75.20538810938996,30.391343889337787,0.0,0.0,1.0,1.0,0.8685258094393471,2198,2198,1339,2177,21,0,0,15,9870,0,0.14981250000000446,1269,0.162291666666667,410,0.19031250000000244,783,0.19713888888888811,302
IFP,20876003,65.05913541851706,61.577268880811225,66.1713686902183,0.9148564540015359,1.788539641052005,3.9246773772815198,3.395454064251685,104.31147102652147,40.17360739748085,0.0,0.0,1.0,1.0,0.8597559942478459,2223,2220,1273,2152,71,0,0,68,9804,0,0.14745138888889323,1249,0.15516666666666698,392,0.1856944444444468,764,0.21411111111111014,328
IFP,20883922,47.041402633149644,44.77989920771109,47.830463018349406,0.68158147563404,1.7672455497533026,3.8365592510089845,3.300141215904883,73.34961137153527,29.44465291608377,0.0,0.0,1.0,1.0,0.8457786423814605,2170,2168,1291,2165,5,0,0,2,9551,0,0.14438194444444866,1223,0.14883333333333362,376,0.1747569444444466,719,0.1932222222222215,296
IFP,20891841,41.755703871115564,41.08483786628119,41.98534015638894,0.6098893947947868,1.7162716315563706,3.5860498475566467,3.1071420756110717,64.4445526326843,26.062916359119303,0.0,0.0,1.0,1.0,0.860298985540343,2202,2202,1317,2196,6,0,0,0,9684,0,0.14509027777778202,1229,0.14883333333333362,376,0.1771875000000022,729,0.19387499999999924,297
IFP,20899760,30.5994617541796,31.594147709703094,30.274299782417565,0.4495864056035473,1.8296532636661278,3.1928412634667467,2.8576310995813485,46.0185605281406,19.07453002230025,0.0,0.0,1.0,1.0,0.8402307637666535,2136,2135,1285,2131,5,0,0,1,9520,0,0.1436736111111153,1217,0.15477083333333364,391,0.1788888888888911,736,0.20758333333333243,318
IFP,20907679,55.306521851208664,57.603583678096925,54.50735668095459,0.8325882857623118,1.7591530751629825,3.7598294963585963,3.2455775188850646,86.4572808684053,34.15006683025419,0.0,0.0,1.0,1.0,0.8591459843285371,2205,2202,1301,2158,47,0,2,39,9765,0,0.14827777777778217,1256,0.14447916666666696,365,0.19006944444444687,782,0.19452777777777702,298
IFP,20915598,31.39592587221369,28.93551243445311,32.21026579537995,0.44151910990095206,1.6324944024701438,3.22185422426462,2.827576619147012,47.245138514381274,19.537548822522385,0.0,0.0,1.0,1.0,0.8147207718588467,2077,2076,1252,2071,6,0,0,0,9216,0,0.13954166666667064,1182,0.14012500000000028,354,0.17572916666666882,723,0.186041666666666,285
IFP,20923517,46.955311955747455,45.659904534609815,47.383076533738546,0.6746625226912889,1.5492572086037466,3.6541590139311713,3.131848587838983,77.01700696134556,29.85846313914928,0.0,0.0,1.0,1.0,0.8650370245289846,2288,2285,1295,2276,12,0,0,8,9844,0,0.14497222222222644,1228,0.16427083333333367,415,0.17791666666666886,732,0.18538888888888824,284
IFP,20931436,48.96249010360498,49.806192484541484,48.694412129589296,0.7082586331756753,1.778311976000196,3.6576549958919413,3.204315981973686,76.7810983672261,30.494843699739413,0.0,0.0,1.0,1.0,0.8593359209640834,2199,2193,1293,2169,30,0,4,21,9688,0,0.14509027777778202,1229,0.1472500000000003,372,0.18666666666666903,768,0.19909722222222143,305
IFP,20939355,68.89479730684562,66.52606665685887,69.6480338315276,0.9753916494555607,1.8322737651937606,3.829562282372833,3.34764522503628,110.91180334573251,43.25541801298248,0.0,0.0,1.0,1.0,0.8646327841454072,2210,2209,1303,2205,5,0,0,1,9713,0,0.1445000000000042,1224,0.17693750000000036,447,0.1747569444444466,719,0.18343055555555493,281
IFP,20947274,32.33860391846459,28.829737959762433,33.45603617059407,0.4435761438851677,1.783690487270256,3.5389744743034344,3.1159267668295394,49.04000697895496,20.20457466983682,0.0,0.0,1.0,1.0,0.8432188652369322,2171,2170,1286,2157,14,0,0,8,9528,0,0.14509027777778202,1229,0.13854166666666692,350,0.17500000000000215,720,0.1906111111111104,292
IFP,20955193,42.0150212176185,35.51816519733397,44.18063989104667,0.5721137092968248,1.730033451257838,3.7444792834304734,3.24226545200538,63.31451458600185,25.940067786663594,0.0,0.0,1.0,1.0,0.8566093838747071,2165,2162,1313,2144,21,0,0,13,9643,0,0.1448541666666709,1227,0.1555625000000003,393,0.18302083333333563,753,0.18930555555555487,290
IFP,20963112,49.61117678131714,51.95139134862442,48.872307849680666,0.7250879548811633,1.8528817834742362,4.218792719576918,3.6507633233366747,76.32782858508637,30.765133384687573,0.0,0.0,1.0,1.0,0.8693297059146162,2246,2245,1336,2217,29,1,0,23,9970,0,0.151819444444449,1286,0.16387500000000033,414,0.18302083333333563,753,0.20497222222222136,314
IFP,20971031,46.19360445241761,46.0019262340392,46.2537525624582,0.6596329268683827,1.7514769095640357,3.8836957001939183,3.3731505048505217,71.98422334184166,28.940013163176175,0.0,0.0,1.0,1.0,0.848162793176218,2156,2155,1280,2152,4,0,0,0,9441,0,0.14261111111111524,1208,0.14329166666666696,362,0.17135416666666875,705,0.18343055555555493,281
IFP,20978950,97.63900145016089,104.44137982402167,95.32354656889822,1.476725150745503,1.8069462460353864,4.3444215629397975,3.7025007238419554,154.12259915256712,60.527871241360366,0.0,0.0,1.0,1.0,0.9182104255968485,2354,2352,1428,2343,11,0,0,6,10526,0,0.1609097222222272,1363,0.17377083333333368,439,0.20416666666666924,840,0.19648611111111033,301
IFP,20986869,29.12715664503603,28.025950876597964,29.53155424361498,0.4309170912202246,1.7542347232479847,3.467783195261525,3.0103164961271585,44.023530779584156,18.213896217603597,0.0,0.0,1.0,1.0,0.8495033321928998,2197,2195,1293,2178,19,0,0,15,9623,0,0.14497222222222644,1228,0.1484375000000003,375,0.1771875000000022,729,0.18473611111111046,283
IFP,20994788,51.67569299534548,48.906281957031275,52.63762686650281,0.7458295187668497,1.7887224376083035,3.5465993323891998,3.0916855033883928,80.96967009455773,32.20411872580891,0.0,0.0,1.0,1.0,0.8604070893574096,2194,2191,1308,2180,14,0,1,8,9723,0,0.14721527777778212,1247,0.15160416666666696,383,0.1825347222222245,751,0.20758333333333243,318
IFP,21002707,61.44340787117959,62.39982407195836,61.11551032661647,0.9103101499506321,1.7933779076729026,3.652057764495446,3.174896672219766,99.23433114727118,38.53086066360336,0.0,0.0,1.0,1.0,0.8503217483107889,2233,2232,1300,2213,20,0,0,15,9670,0,0.14473611111111534,1226,0.14764583333333361,373,0.17184027777777985,707,0.1749444444444439,268
IFP,21010626,46.33758110378951,41.74181265758952,47.880604809156175,0.6484481348494641,1.589480142702704,3.2029917673872337,2.7968944596014644,72.59380628824286,28.872486237925518,0.0,0.0,1.0,1.0,0.8581344383803207,2227,2225,1327,2212,15,0,1,8,9897,0,0.14709722222222654,1246,0.17258333333333367,436,0.18788194444444684,773,0.2036666666666658,312
IFP,21018545,64.549540802536,61.123091898670936,65.81694476511807,0.9505144440861101,1.7544128408665718,3.5854193247819794,3.0916647673216446,100.58394814729898,39.94085882092225,0.0,0.0,1.0,1.0,0.8779916634257702,2225,2225,1352,2211,14,0,0,9,9956,0,0.15111111111111564,1280,0.16347916666666698,413,0.1934722222222247,796,0.18734722222222155,287
IFP,21026464,44.27205112381498,39.2351232995396,45.9500101203937,0.6140418672109539,1.8119558120566086,4.123879784838959,3.542002290565648,68.48734749206129,27.609442803708237,0.0,0.0,1.0,1.0,0.8669356939230002,2227,2225,1310,2201,26,0,0,20,9840,0,0.14886805555555996,1261,0.156354166666667,395,0.18642361111111347,767,0.20236111111111027,310
IFP,21034383,49.61151271010664,45.217664816110876,50.94526653828405,0.6766687420652124,1.6443525914048267,3.490838876769394,3.060880878913746,77.56734674277777,30.900775698593876,0.0,0.0,1.0,1.0,0.8636492850311543,2217,2216,1322,2203,14,0,0,8,9759,0,0.14615277777778207,1238,0.14962500000000029,378,0.1796180555555578,739,0.19779166666666587,303
ALT,20250402,49.73417695583201,6.861178107802674,64.30048479561782,0.4579504469493752,3.303950573268217,61.20759484468613,46.51787796609879,5.474286348533308,31.416721247939066,0.0,0.17054714784633296,1.0,0.829452852153667,0.8875219656351832,2317,2302,1340,2295,22,0,14,2,10029,0,0.1478055555555599,1252,0.171791666666667,434,0.17743055555555776,730,0.1932222222222215,296
ALT,20258321,49.65543021777036,6.161067991104581,64.47592503899601,0.4529405403732054,3.127768679024141,61.602823231815364,46.74204874144158,4.917096096099226,31.301168679316845,0.0,0.1775644871025795,1.0,0.8224355128974206,0.861535536021312,2243,2235,1308,2231,12,0,7,0,9733,0,0.1445000000000042,1224,0.14131250000000029,357,0.18229166666666893,750,0.1906111111111104,292
ALT,20266240,46.75443963030092,5.875829939283873,60.36455525352028,0.4263117395279295,3.3384918651123225,57.577227448666314,44.077383287534595,5.0890366643611635,29.427216677614897,0.0,0.16686251468860164,1.0,0.8331374853113984,0.8963031778886196,2281,2266,1364,2258,23,0,14,2,10103,0,0.1533541666666713,1299,0.15991666666666698,404,0.19274305555555804,793,0.20497222222222136,314
ALT,20274159,41.3097062336767,5.9892205422168505,54.02767658675593,0.38388804810695804,3.1123059516499323,51.15103537042025,38.43997893391723,4.998837505596771,26.128551050712094,0.0,0.1472205253512523,1.0,0.8527794746487477,0.8531791352646292,2234,2226,1297,2221,13,0,5,0,9687,0,0.1424930555555597,1207,0.16070833333333365,406,0.1752430555555577,721,0.186041666666666,285
ALT,20282078,52.537211207387756,6.119491464153097,69.30533484669024,0.4784095314918715,3.435344338218296,66.47385509725984,49.73919120554412,4.730750414989395,32.92597761720882,0.0,0.20489844683393071,1.0,0.7951015531660692,0.8945498861058848,2293,2279,1359,2276,17,0,12,0,10050,0,0.15016666666667114,1272,0.14645833333333363,370,0.19517361111111362,803,0.19583333333333255,300
ALT,20289997,52.135292992397346,7.061770918288001,67.42760042012222,0.47918424380877606,3.1850486706605547,63.78819182333008,48.470913883644386,6.418213224767849,32.62166493346584,0.0,0.17647058823529413,1.0,0.8235294117647058,0.8747574287223919,2206,2184,1321,2179,27,0,20,0,9779,0,0.14721527777778212,1247,0.15872916666666698,401,0.18909722222222464,778,0.19974999999999918,306
ALT,20297916,36.21690373761567,6.768374428341625,46.352844987273606,0.34513503091670245,3.340681760309014,42.945856635273756,32.83236008717515,5.863160647700607,22.679610568305623,0.0,0.09369259032455603,1.0,0.906307409675444,0.867137723057106,2210,2193,1324,2187,23,0,15,0,9770,0,0.14851388888889328,1258,0.16783333333333367,424,0.17913194444444666,737,0.186041666666666,285
ALT,20305835,23.717523309252453,4.8964007270198096,29.706062312690108,0.2271932733436026,2.620862623059058,27.021250150735412,21.122504676820167,4.3660510047614505,14.914231235548183,0.0,0.04659717964438995,1.0,0.9534028203556101,0.8328874569454505,2153,2151,1266,2146,7,0,0,0,9455,0,0.14013194444444846,1187,0.15833333333333366,400,0.17791666666666886,732,0.186041666666666,285
ALT,20313754,36.66603270968751,5.603300949495063,46.705951367892546,0.33976746123992635,3.015631604244184,44.07118031354525,34.03332930327118,4.461388464574583,23.079828862452356,0.0,0.10291493158834028,1.0,0.8970850684116597,0.8655376566077699,2237,2225,1309,2223,14,0,11,0,9757,0,0.1448541666666709,1227,0.1567500000000003,396,0.18107638888889113,745,0.19126388888888818,293
ALT,20321673,43.10337635588928,6.55665616236313,56.11779980241378,0.4022381497405859,3.347314110029265,53.27851263544196,40.16808620698165,4.929111155974713,26.888298394026055,0.0017730496453900709,0.1351010101010101,0.99822695035461,0.8648989898989898,0.8448623752326277,2164,2148,1299,2144,20,1,14,1,9559,0,0.14379166666667084,1218,0.14962500000000029,378,0.1825347222222245,751,0.186041666666666,285
ALT,20329592,43.90142370714273,6.155025479347643,56.17128802211002,0.4035935836080573,3.040207743421035,53.28950097850529,40.9676597020808,5.289967435431522,27.673969961318985,0.0,0.1105072463768116,1.0,0.8894927536231884,0.8481897429095715,2228,2194,1303,2189,39,0,31,0,9647,0,0.14556250000000426,1233,0.1555625000000003,393,0.16868055555555758,694,0.186041666666666,285
ALT,20337511,32.50998763083223,4.855548433161868,42.0226988586023,0.3019852825856749,2.757732493772907,39.87239090365905,30.40401382790278,4.291062715420832,20.76089589070253,0.0,0.08733624454148471,1.0,0.9126637554585153,0.8308361866843592,2171,2152,1260,2145,26,0,17,1,9360,0,0.14048611111111514,1190,0.15041666666666698,380,0.16722222222222421,688,0.15862499999999966,243
ALT,20345430,55.64256053763142,7.113088214706489,70.56373280388053,0.5055061827209486,3.383104388504413,66.83384527634936,51.89589058302264,6.533671096023602,34.91687801409538,0.0019047619047619048,0.15835777126099707,0.9980952380952381,0.841642228739003,0.8795603202065294,2255,2230,1334,2224,31,0,24,1,9875,0,0.1500486111111156,1271,0.15160416666666696,383,0.1808333333333356,744,0.20040277777777696,307
ALT,20353349,36.361002025737086,6.5078169590722466,46.90606555082363,0.3454763690242469,3.5649254278970623,44.42281252353682,33.76746168623686,4.5059511649901935,22.875769949149916,0.0017421602787456446,0.10141364474492932,0.9982578397212544,0.8985863552550707,0.8595448857922441,2228,2201,1305,2199,29,0,26,0,9672,0,0.14461805555555976,1225,0.15516666666666698,392,0.17694444444444662,728,0.177555555555555,272
ALT,20361268,78.25407584644076,7.034794521877822,100.93810174909602,0.6946018144062471,3.1427314725063478,97.11386992687912,74.48565394286388,6.012870719337749,48.41821564758227,0.0,0.2788749251944943,1.0,0.7211250748055057,0.8803299137372842,2204,2201,1353,2194,10,0,2,1,9868,0,0.15170138888889342,1285,0.168229166666667,425,0.17791666666666886,732,0.19452777777777702,298
ALT,20369187,44.005644664279195,6.648930125276687,57.55207704042739,0.41094932149174696,3.1721241702706404,54.32500438962916,40.724465456532926,5.440287571959248,27.401972987830614,0.0,0.12669962917181707,1.0,0.8733003708281829,0.8766032178244625,2212,2204,1337,2202,10,0,5,0,9781,0,0.14627083333333762,1239,0.15595833333333364,394,0.18229166666666893,750,0.19191666666666593,294
ALT,20377106,34.183268429894525,5.88708024249107,42.82033490250956,0.3192788092129469,2.9607799205093706,39.81770869640788,31.197395704623148,4.934621687541765,21.33564099895659,0.0,0.0655048076923077,1.0,0.9344951923076923,0.8554006655783452,2174,2172,1306,2168,6,0,0,0,9588,0,0.1427291666666708,1209,0.15279166666666696,386,0.17548611111111326,722,0.19452777777777702,298
ALT,20385025,40.81528531767628,6.239289508619158,53.228807972059485,0.38133420642272364,3.272436710350403,49.704915258793164,37.392482744824065,5.726716775639923,25.646515837397022,0.0,0.12110091743119267,1.0,0.8788990825688073,0.8596651125874075,2238,2225,1312,2222,16,0,11,0,9731,0,0.1436736111111153,1217,0.15120833333333364,382,0.1764583333333355,726,0.19844444444444365,304
ALT,20392944,37.30108626160785,5.4937708543027135,48.8544160732299,0.34743740518432964,2.8779780395605514,45.845524758064336,34.40362764783924,5.2312978872653,23.532644763531263,0.00528169014084507,0.08498402555910543,0.9947183098591549,0.9150159744408946,0.8377220560869041,2164,2133,1267,2128,36,0,30,1,9411,0,0.14131250000000406,1197,0.14685416666666695,371,0.17451388888889102,718,0.18081944444444384,277
ALT,20400863,51.28006337454472,6.547181983570895,65.35776428288061,0.4665144247790408,3.191583009750984,62.10288479550574,48.01368208858629,5.409994558079258,32.03878723920369,0.0,0.1509988249118684,1.0,0.8490011750881317,0.8782066992241516,2240,2237,1342,2235,5,0,1,0,9880,0,0.14957638888889332,1267,0.161104166666667,407,0.18302083333333563,753,0.18081944444444384,277
ALT,20408782,49.226715594239046,6.304346311225161,63.01511859972449,0.4485428926276188,3.011381742325965,60.1034410855412,46.271340212008475,5.551461961190043,31.026681209217255,0.0,0.13861386138613863,1.0,0.8613861386138614,0.8908922475239205,2293,2266,1356,2258,35,1,25,0,10000,0,0.1502847222222267,1273,0.1508125000000003,381,0.17694444444444662,728,0.21606944444444345,331
ALT,20416701,58.226589764839595,6.799904404893267,74.08085114295066,0.525280270723365,3.033610953103102,71.06282344911956,55.05231364769451,5.544881863064951,36.501091339760926,0.0,0.23767082590612001,1.0,0.76232917409388,0.8704212442504999,2216,2201,1319,2194,22,0,14,3,9708,0,0.1478055555555599,1252,0.13972916666666693,353,0.1808333333333356,744,0.186041666666666,285
ALT,20424620,45.697016913612465,5.928478717733347,59.77198441592175,0.41955183998791873,3.126778294658991,56.80112656418663,42.78425854475585,4.814160898633638,28.62536621280679,0.0,0.15701970443349753,1.0,0.8429802955665024,0.854488483232102,2201,2198,1307,2192,9,0,2,3,9679,0,0.14556250000000426,1233,0.14368750000000027,363,0.18690972222222457,769,0.18408333333333268,282
ALT,20432539,38.02756165193282,5.838934594303733,48.5870015037648,0.352954046958662,3.0685313823945415,45.95464382129409,35.36086994202422,4.755923732067669,24.011976970281424,0.0,0.10955569080949483,1.0,0.8904443091905052,0.8590080835954547,2214,2182,1286,2178,36,0,30,2,9552,0,0.14261111111111524,1208,0.14091666666666694,356,0.17256944444444655,710,0.19126388888888818,293
ALT,20440458,31.56361867852521,5.871397645486058,40.22460563784633,0.30003696041323097,3.257107715894482,37.313753027744,28.73529105892184,5.094267704078262,19.897033648933053,0.0,0.062351543942992874,1.0,0.9376484560570071,0.8778311111657833,2274,2251,1344,2245,29,0,22,1,9949,0,0.15158333333333787,1284,0.15912500000000032,402,0.1820486111111134,749,0.18538888888888824,284
ALT,20448377,31.504087960142954,5.5174289029597325,41.33375238418874,0.3003900418564462,2.743031796163145,38.34687464069535,28.589027338762296,4.817684965329969,19.711648686173163,0.0,0.08058375634517767,1.0,0.9194162436548223,0.8467333753943999,2172,2171,1294,2168,4,0,0,0,9570,0,0.14390972222222642,1219,0.14804166666666696,374,0.1764583333333355,726,0.19974999999999918,306
ALT,20456296,54.21286140313711,6.270535196281106,70.78333331473188,0.49203939324723467,3.4523895310318258,68.20204771609616,51.631324628661666,5.299449990208466,34.24533810003588,0.0,0.1780905752753978,1.0,0.8219094247246022,0.8614193192735435,2235,2196,1319,2188,47,0,38,3,9769,0,0.14615277777778207,1238,0.161104166666667,407,0.17864583333333556,735,0.19648611111111033,301
ALT,20464215,33.873989491593285,5.43445311458478,43.15314083751637,0.3157064081111931,2.3454003455651122,40.531277079595654,31.145703444124667,4.888126941198525,21.282802009965053,0.0,0.08441961514587212,1.0,0.9155803848541278,0.830614249984475,2152,2136,1285,2130,22,0,15,0,9531,0,0.14013194444444846,1187,0.16347916666666698,413,0.1801041666666689,741,0.2062777777777769,316
ALT,20472134,42.011400037779545,6.893485702854939,53.7316296696545,0.39321863233725535,3.1682898626974056,50.17494484851643,38.466014424776056,6.167064483341612,26.58007507545762,0.0,0.11803874092009685,1.0,0.8819612590799032,0.8464847533331806,2204,2200,1281,2190,14,0,3,2,9563,0,0.14225694444444856,1205,0.1508125000000003,381,0.17305555555555766,712,0.18343055555555493,281
ALT,20480053,44.391901108718166,5.770085172701332,57.731899253977396,0.40696591870681004,2.9055864963326314,55.02150662548994,41.6719541495239,4.811689812997621,28.186992579766557,0.0,0.1364441819255759,1.0,0.863555818074424,0.8666566433783054,2282,2276,1313,2267,15,0,5,2,9872,0,0.14709722222222654,1246,0.15397916666666697,389,0.18180555555555783,748,0.18734722222222155,287
ALT,20487972,42.549656646756056,6.590812095174336,55.022466196013184,0.3970144677375599,3.2229130127472394,52.028932832624264,39.48262691721376,5.212938542142159,26.633934637557264,0.0,0.08098159509202454,1.0,0.9190184049079755,0.8678858411775491,2198,2194,1316,2190,8,0,2,0,9779,0,0.14650694444444876,1241,0.16545833333333368,418,0.1922569444444469,791,0.18930555555555487,290
ALT,20495891,49.73074569067048,6.085369966150665,64.5353390995745,0.45295644605395585,3.3256430583498937,61.18626312263514,46.55658753332767,5.170647584113787,31.034031598302658,0.0,0.14754098360655737,1.0,0.8524590163934427,0.8896545131013494,2286,2286,1372,2282,4,0,0,0,10065,0,0.15276388888889347,1294,0.15833333333333366,400,0.17621527777777996,725,0.20431944444444358,313
ALT,20503810,42.81462364410929,6.664274566991571,55.36773941559481,0.39973075759538573,3.279390734899071,51.945344148845315,39.40257265040556,5.69152018565544,26.62953745983629,0.0,0.15096618357487923,1.0,0.8490338164251208,0.8802452592021967,2241,2231,1361,2227,14,0,8,0,9982,0,0.14981250000000446,1269,0.17020833333333368,430,0.18763888888889127,772,0.19713888888888811,302
ALT,20511729,53.721065092620414,6.378260829313228,69.0029607408598,0.48658667356906804,3.4080852458714284,65.60078911283448,50.45164332623969,5.274082282190412,33.38822155897202,0.0018484288354898336,0.18392857142857144,0.9981515711645101,0.8160714285714286,0.8730364573017412,2225,2221,1348,2217,8,1,2,1,9868,0,0.1491041666666711,1263,0.14804166666666696,374,0.1849652777777801,761,0.20301388888888805,311
ALT,20519648,49.3314786114498,5.794657416312127,64.4169480740379,0.44837461780702303,2.8588625414547524,61.503590964967216,46.36778966009614,5.003366202891076,30.8632982505754,0.0,0.16676628810520025,1.0,0.8332337118947998,0.8842638356280733,2290,2255,1352,2250,40,0,34,0,10031,0,0.1512291666666712,1281,0.164666666666667,416,0.1861805555555579,766,0.19779166666666587,303
ALT,20527567,40.752423949537,5.8949313311366005,52.30171945930165,0.3762804430692703,3.054155419013732,49.43921955433777,37.91614906806024,4.934184481512421,25.5991555134229,0.0,0.1307738452309538,1.0,0.8692261547690462,0.8692700372757273,2226,2218,1322,2214,12,0,6,0,9794,0,0.1478055555555599,1252,0.15041666666666698,380,0.1873958333333357,771,0.1879999999999993,288
ALT,20535486,31.934289931285267,6.269030455310005,40.712868962253715,0.3060632220357166,3.211356473628231,38.06322407426464,29.188978780016814,5.059468500328315,20.251869088591516,0.0035460992907801418,0.05996365838885524,0.9964539007092199,0.9400363416111448,0.8575265068101234,2237,2215,1303,2209,28,0,20,0,9688,0,0.1436736111111153,1217,0.15833333333333366,400,0.17572916666666882,723,0.1795138888888883,275
ALT,20543405,42.34883134225445,5.8941185557753535,54.33657687168867,0.3893714239900778,3.110518462133789,51.22441553949151,39.32823861143387,5.063705337324355,26.50734083623703,0.0,0.12331969608416131,1.0,0.8766803039158387,0.8791240302049893,2285,2273,1359,2267,18,2,9,2,10071,0,0.15229166666667124,1290,0.15714583333333365,397,0.19152777777778024,788,0.19713888888888811,302
ALT,20551324,51.97158050112568,6.426791911945659,67.43549792252695,0.4738215850332041,3.3120494857182394,64.26331252674997,48.79400179962485,5.191786194065157,32.237728135651295,0.0,0.19940119760479041,1.0,0.8005988023952095,0.884093492231058,2250,2238,1370,2233,17,0,10,0,10021,0,0.1530000000000046,1296,0.167041666666667,422,0.17913194444444666,737,0.2108472222222213,323
ALT,20559243,46.56411128125656,6.673429333017924,61.07206066391831,0.4325288428952379,3.3972449205000568,57.830901558689,43.32183986183718,5.559785211630948,29.29286001458108,0.0,0.12855377008652658,1.0,0.8714462299134734,0.8608522730189629,2221,2206,1304,2201,20,0,14,0,9672,0,0.14343750000000416,1215,0.1531875000000003,387,0.1832638888888912,754,0.1729861111111106,265
ALT,20567162,36.53894957329386,5.586358254308018,46.545898121334446,0.3386117467007512,3.0447478938143684,43.94248988958107,33.95475262506792,4.560847923249661,23.15785310937995,0.0,0.0942942942942943,1.0,0.9057057057057057,0.8538456563314399,2209,2203,1279,2198,11,0,5,0,9588,0,0.14143055555555964,1198,0.15358333333333363,388,0.18277777777778006,752,0.17233333333333284,264
ALT,20575081,32.63312640557267,5.698859447759407,42.09787815897247,0.30898924757682505,3.021718837273344,39.34000209332924,29.90993314127429,4.811708263755726,20.605154571876145,0.005309734513274336,0.06641837368094351,0.9946902654867257,0.9335816263190565,0.8404122521428455,2185,2176,1282,2169,16,0,8,2,9556,0,0.14095833333333738,1194,0.15516666666666698,392,0.17840277777778,734,0.19126388888888818,293
ALT,20583000,40.67582114863425,6.736776103388401,51.4157692529403,0.37944987645250783,3.0556350075607064,47.58182119272173,36.89312098281192,6.303874642744904,25.347897413425546,0.0,0.11838191552647234,1.0,0.8816180844735276,0.8681814787835573,2220,2212,1341,2209,11,0,6,0,9859,0,0.146979166666671,1245,0.15516666666666698,392,0.18666666666666903,768,0.21215277777777683,325
ALT,20590919,36.69648555610977,6.1814139355103075,47.03833448824601,0.34492058288957894,3.2175868918551793,43.96915150055006,33.65420581668641,5.223291010585756,22.992612764398668,0.0,0.095856524427953,1.0,0.904143475572047,0.8434854903600197,2180,2165,1299,2161,19,0,12,1,9596,0,0.1448541666666709,1227,0.15358333333333363,388,0.1759722222222244,724,0.1951805555555548,299
ALT,20598838,42.41825098267433,6.391194811129829,54.75183778014001,0.39423465351718545,3.3116191095075522,51.4441803838663,39.179736965723926,5.62558043855736,26.79327591268917,0.0,0.09538092381523695,1.0,0.904619076184763,0.8710590638276989,2254,2237,1309,2235,19,0,15,0,9786,0,0.1454444444444487,1232,0.156354166666667,395,0.1808333333333356,744,0.18995833333333262,291
ALT,20606757,53.89487393037346,6.306098298774822,68.61477641044615,0.4863680199091872,3.1833241996951216,65.43244659613471,50.72508360028097,5.36237427151347,33.52851575435051,0.0,0.195906432748538,1.0,0.804093567251462,0.885668909251397,2270,2239,1367,2235,35,1,29,1,9988,0,0.15134722222222674,1282,0.15437500000000032,390,0.1820486111111134,749,0.20040277777777696,307
ALT,20614676,67.37437438520459,6.560282929732151,87.1223811343712,0.6016558065184155,3.496862292836819,83.97163826667887,64.25288373894834,5.424585785888092,41.900652630309686,0.0,0.2552947910704064,1.0,0.7447052089295936,0.9233925339836269,2361,2314,1418,2309,52,0,44,0,10421,0,0.1563055555555603,1324,0.17416666666666702,440,0.19809027777778035,815,0.20693055555555467,317
ALT,20622595,44.92172423939844,5.834690617833687,58.750349852804014,0.412467680698167,3.1352361140174207,56.18178937180998,42.30879893648303,4.605673091140117,28.206741877792087,0.0,0.1608643457382953,1.0,0.8391356542617047,0.8787755598785808,2275,2256,1348,2250,25,1,17,0,10020,0,0.15075694444444895,1277,0.16625000000000034,420,0.1886111111111135,776,0.19844444444444365,304
ALT,20630514,44.694156886320194,5.937195579926513,57.90621727035139,0.410186569645251,3.076717492747222,54.87086150524,41.72129800252494,5.091474719014537,27.95249295523224,0.0,0.13219094247246022,1.0,0.8678090575275398,0.867214998478232,2205,2190,1319,2187,18,0,12,0,9708,0,0.14638888888889318,1240,0.15991666666666698,404,0.17572916666666882,723,0.19191666666666593,294
ALT,20638433,54.510252358326824,6.103196552414748,70.374749639256,0.49191423361013514,2.9867653194158446,67.57187323106082,51.65875548748765,4.576115339233099,33.91670323814536,0.0,0.18083832335329342,1.0,0.8191616766467066,0.8726465547077484,2221,2216,1340,2212,9,0,4,0,9838,0,0.14957638888889332,1267,0.14883333333333362,376,0.18180555555555783,748,0.20497222222222136,314
ALT,20646352,44.961438616720066,6.565495607678715,58.123772163350324,0.41658135673269087,3.5084154166162365,55.042141012825894,41.863403995188456,5.248786990345875,28.171556499567806,0.0017574692442882249,0.1503623188405797,0.9982425307557118,0.8496376811594203,0.8715520464806435,2258,2225,1329,2221,37,0,31,2,9858,0,0.1456805555555598,1234,0.1484375000000003,375,0.19079861111111354,785,0.19974999999999918,306
ALT,20654271,32.968505502931855,5.6532876860754175,41.909226617474516,0.30959009006929117,2.9350855956732538,39.4729229742627,30.454299164782967,4.296365894564545,20.807719999951104,0.0,0.0835838845460012,1.0,0.9164161154539988,0.8650590099150729,2221,2208,1290,2206,15,0,10,0,9660,0,0.14438194444444866,1223,0.15833333333333366,400,0.1764583333333355,726,0.1879999999999993,288
ALT,20662190,70.84158500823288,6.9827319498298195,92.15306023009049,0.6340273405341209,3.5977259884940107,88.27669808297532,67.0226134536832,6.128304140230257,43.95075251501453,0.0,0.23108747044917258,1.0,0.7689125295508275,0.9016561367265327,2264,2259,1378,2254,10,0,4,0,10127,0,0.15170138888889342,1285,0.168229166666667,425,0.19517361111111362,803,0.2082361111111102,319
ALT,20670109,51.72832500536659,5.862932450587428,66.91768895102712,0.4675342714284106,3.096947324815251,63.63676046526139,48.60212724169501,5.097022912942736,32.308756217521655,0.0,0.2087007642563198,1.0,0.7912992357436802,0.8937338928184498,2264,2263,1355,2259,5,0,0,0,9999,0,0.1500486111111156,1271,0.165854166666667,419,0.18156250000000226,747,0.20236111111111027,310
ALT,20678028,17.984340666623435,4.749135355940951,22.547623922596657,0.18030980076475053,2.478692583482993,20.777946320058923,16.090920480926503,3.555624054689809,11.457743716783705,0.0,0.017121116043119847,1.0,0.9828788839568802,0.8154861911710501,2128,2120,1243,2114,14,0,7,2,9293,0,0.13859722222222617,1174,0.14645833333333363,370,0.17232638888889099,709,0.1879999999999993,288
ALT,20685947,56.19760194524873,6.23352096206875,72.72553271544585,0.5070500339208714,3.1233428780356056,69.55991490362642,52.97996195523645,5.246027328594155,35.09285018854963,0.0,0.21428571428571427,1.0,0.7857142857142857,0.8914253622051667,2278,2276,1364,2273,5,0,0,1,10012,0,0.151819444444449,1286,0.15516666666666698,392,0.17791666666666886,732,0.19844444444444365,304
ALT,20693866,51.865976783198214,6.22978283186061,67.63974600003463,0.47222103906142915,3.5489424899487503,64.72072444747292,48.96727228492849,4.686575579051403,32.14603772246742,0.0,0.18401937046004843,1.0,0.8159806295399515,0.8706364930745447,2248,2225,1363,2223,25,0,21,0,9996,0,0.1508750000000045,1278,0.15714583333333365,397,0.19128472222222467,787,0.20888888888888799,320
ALT,20701785,42.63166154732504,5.786192259062637,55.69855508102351,0.39313400200673704,3.2392131370574995,52.81589989323168,39.86626283650353,5.329095075174533,27.02161813027146,0.0,0.1170343137254902,1.0,0.8829656862745098,0.8685610335048136,2248,2209,1308,2204,44,0,37,0,9765,0,0.14615277777778207,1238,0.15872916666666698,401,0.1820486111111134,749,0.1886527777777771,289
ALT,20709704,34.802145135839304,6.486553948125991,43.82081207996864,0.32919105955691164,2.929668326426869,40.47611337201382,31.405053811470847,5.793498045560807,21.948256573619958,0.0,0.0797872340425532,1.0,0.9202127659574468,0.8680483490366511,2235,2231,1306,2223,12,0,3,2,9712,0,0.14556250000000426,1233,0.1520000000000003,384,0.17500000000000215,720,0.1821249999999994,279
ALT,20717623,39.391294407366644,5.464168089081119,50.714136442816425,0.36244308252777374,2.812379533770394,47.815828371173495,36.55469140181418,5.002169696803501,24.95597348946116,0.0,0.10353227771010962,1.0,0.8964677222898904,0.8394545707755892,2205,2190,1273,2186,19,0,12,1,9533,0,0.14166666666667074,1200,0.15041666666666698,380,0.17548611111111326,722,0.1795138888888883,275
ALT,20725542,52.45015998741627,5.9884115423931235,68.02981549225099,0.474679475395861,3.1685073879948815,65.37251568040338,49.75922654959858,5.09344893582182,33.253943407807306,0.0,0.2103386809269162,1.0,0.7896613190730838,0.8664254709328058,2275,2247,1317,2238,37,1,26,1,9867,0,0.14556250000000426,1233,0.1579375000000003,399,0.18229166666666893,750,0.2036666666666658,312
ALT,20733461,29.87655125466725,5.307340789747859,37.96604649954279,0.2818366995080967,2.9163504704647067,35.18444469868637,27.19523808912667,4.658490992135692,18.76907437728074,0.0,0.05128205128205128,1.0,0.9487179487179487,0.8471877685281772,2193,2177,1300,2172,21,0,15,0,9665,0,0.1456805555555598,1234,0.161104166666667,407,0.18229166666666893,750,0.1879999999999993,288
ALT,20741380,33.82270670278032,6.227997429446632,42.55542262525604,0.31928445178690407,3.0255140372641334,40.016546806383,31.1441588728305,5.1193548073457515,21.295322471901628,0.0,0.09344660194174757,1.0,0.9065533980582524,0.8568284218085839,2193,2168,1320,2159,34,0,23,0,9705,0,0.1466250000000043,1242,0.15952083333333364,403,0.1825347222222245,751,0.19126388888888818,293
ALT,20749299,43.199159093972504,5.813356076640111,56.57072367681401,0.3982798805889329,2.972710889222409,53.726974702135564,40.33474945633111,4.8004718003317075,27.169459649097124,0.0,0.15674362089914945,1.0,0.8432563791008505,0.8669721613770897,2241,2236,1316,2232,9,0,2,0,9819,0,0.14686111111111544,1244,0.1460625000000003,369,0.1898263888888913,781,0.19713888888888811,302
ALT,20757218,46.035783666926015,5.729656753891275,59.081021355052805,0.41865628333801647,2.87528977648435,56.391422655650814,43.29938832281958,4.856890736029859,29.2071400024815,0.0018656716417910447,0.13897280966767372,0.9981343283582089,0.8610271903323263,0.8461940768221026,2217,2191,1268,2188,29,0,23,1,9543,0,0.14072222222222627,1192,0.15477083333333364,391,0.17500000000000215,720,0.18343055555555493,281
ALT,20765137,32.506914301088,6.429499343800868,41.826015148424126,0.31320949108605833,3.4047528291123927,38.82756159808183,29.50239082564357,5.122221115442582,20.26633441417986,0.0051635111876075735,0.054735547355473556,0.9948364888123924,0.9452644526445264,0.8689803424477904,2223,2207,1346,2203,20,0,14,1,9863,0,0.1500486111111156,1271,0.14527083333333363,367,0.18715277777778014,770,0.20693055555555467,317
ALT,20773056,37.95836084193742,6.226993231782827,48.977248639735734,0.35644489579195276,3.2041343335439656,45.99889115254175,34.978294484994535,5.13910597899623,23.976135594514723,0.0,0.10429082240762813,1.0,0.8957091775923719,0.8653577343440505,2274,2260,1320,2258,16,0,11,0,9843,0,0.14674305555555986,1243,0.15714583333333365,397,0.17086805555555762,703,0.2036666666666658,312
ALT,20780975,36.392603253754906,5.73577503831552,46.95942489397019,0.3400278471122685,3.0247414200878127,44.84665900467114,34.16030151460411,4.569086798186823,23.276467269904767,0.0,0.09382566585956416,1.0,0.9061743341404358,0.8494173076581414,2245,2219,1291,2212,33,0,24,1,9634,0,0.14426388888889308,1222,0.13775000000000026,348,0.1715972222222243,706,0.1932222222222215,296
ALT,20788894,26.563353875894066,5.55172037279795,33.76659951990103,0.256795073618588,2.6386480871274074,31.047229197025096,23.79480853649464,4.797029172296081,16.716559428506088,0.0,0.06300185299567634,1.0,0.9369981470043236,0.8441796300642181,2186,2174,1291,2170,16,0,9,0,9557,0,0.14379166666667084,1218,0.1555625000000003,393,0.17232638888889099,709,0.18343055555555493,281
ALT,20796813,25.794777531451224,5.485390296682743,32.69206472166451,0.2497221325508943,2.4902405216638352,29.653638776565323,22.758021547761437,5.169576343126262,16.150803515547338,0.0,0.05137844611528822,1.0,0.9486215538847118,0.8350298363657916,2148,2139,1287,2134,14,1,7,0,9484,0,0.14438194444444866,1223,0.15437500000000032,390,0.17208333333333542,708,0.18669444444444377,286
ALT,20804732,43.75839130480988,5.984122409128898,56.53532326399971,0.4024657774723838,3.2412461708379174,53.75328570660975,41.01546704106729,4.537354919577452,27.336174995508618,0.0,0.14871481028151776,1.0,0.8512851897184822,0.8643005377678421,2191,2185,1311,2180,11,1,4,0,9673,0,0.14768750000000436,1251,0.15279166666666696,386,0.17840277777778,734,0.1879999999999993,288
ALT,20812651,50.893099694156376,5.894268257144997,66.78457890434419,0.4625671061419518,3.138347455713259,63.987671594466356,48.135034202536,4.688951456016252,31.687246819148207,0.0,0.15757938885560216,1.0,0.8424206111443978,0.8885328140663997,2273,2257,1375,2253,20,0,14,0,10054,0,0.15311805555556016,1297,0.15002083333333363,379,0.1820486111111134,749,0.21802777777777677,334
ALT,20820570,30.32235841927676,5.500532225613335,38.60672106577652,0.2870971095796088,2.86241117522147,35.67091573538586,27.453343030109284,4.935296494858682,18.969431131264884,0.0,0.05778894472361809,1.0,0.9422110552763819,0.8365247243409185,2138,2124,1284,2118,20,0,12,1,9373,0,0.14284722222222637,1210,0.1310208333333336,331,0.17232638888889099,709,0.18081944444444384,277
ALT,20828489,36.12520046230565,5.407735505077471,45.87827965649338,0.33362386813013517,2.986686615983171,43.63864448052431,33.83133593364248,4.25396871707594,22.81452448430936,0.0,0.08425584255842558,1.0,0.9157441574415744,0.8408156815668681,2175,2143,1272,2137,38,0,31,1,9472,0,0.14107638888889296,1195,0.15239583333333365,385,0.1808333333333356,744,0.17559722222222168,269
ALT,20836408,57.82648727667547,6.872382645732482,74.18734314751143,0.5236455934564549,3.277363802588532,70.50314909153491,54.20781115476882,5.979119853784364,35.859794209284864,0.0,0.1959858323494687,1.0,0.8040141676505312,0.8884273761023496,2245,2236,1373,2230,15,0,7,0,9987,0,0.1524097222222268,1291,0.14962500000000029,378,0.18545138888889123,763,0.20431944444444358,313
ALT,20844327,31.862858752151887,5.4555815514969055,40.349218929741184,0.2986946482646924,2.950335167255525,37.794154881164125,29.342876115866513,4.477637290200894,20.099555213022597,0.00186219739292365,0.08706022659511031,0.9981378026070763,0.9129397734048896,0.8564153643258496,2217,2214,1310,2208,9,0,2,1,9715,0,0.14650694444444876,1241,0.15002083333333363,379,0.18302083333333563,753,0.17886111111111053,274
ALT,20852246,33.54690463873576,6.049121696156857,43.14764858832688,0.31869390968611944,2.844143879372692,40.34948041461697,30.675206691507235,5.151215937350898,21.024898068677444,0.0,0.07997481108312343,1.0,0.9200251889168766,0.8400220160439897,2157,2140,1301,2133,24,0,15,1,9574,0,0.14532638888889313,1231,0.162291666666667,410,0.17378472222222435,715,0.19779166666666587,303
ALT,20860165,37.9772669929754,6.621053384257636,48.784411646257986,0.3589042780927681,3.2754026711130537,45.61449344282192,34.782208871243036,5.564680814779937,23.907636684424684,0.0,0.10474430067775724,1.0,0.8952556993222428,0.8605998455179169,2189,2181,1293,2177,12,0,6,1,9570,0,0.1445000000000042,1224,0.15754166666666697,398,0.16819444444444645,692,0.18538888888888824,284
ALT,20868084,38.58478457715235,5.117962338157183,49.22136977214417,0.3523978287191705,2.726627805415721,46.77692781741369,36.17669580539408,4.146233330736062,23.995331468682046,0.0,0.11665664461815996,1.0,0.8833433553818401,0.868623394359442,2198,2190,1344,2181,17,0,7,3,9849,0,0.14922222222222664,1264,0.1615000000000003,408,0.18958333333333574,780,0.19713888888888811,302
ALT,20876003,52.426887915037966,6.473463685620629,68.09606542661858,0.4780419696467143,2.896760083516339,64.89332373708332,49.158155297091696,6.092436157253137,32.94036865898798,0.0,0.16079158936301793,1.0,0.839208410636982,0.8595684146715421,2223,2167,1309,2163,60,0,54,0,9697,0,0.14426388888889308,1222,0.15239583333333365,385,0.1820486111111134,749,0.20758333333333243,318
ALT,20883922,37.889158327278224,5.781431680161049,49.09185422907611,0.3531286874566124,3.1333561151333917,45.85546080769804,34.780819277614405,5.152773583134321,23.72276579638462,0.0,0.09090909090909091,1.0,0.9090909090909091,0.845507620377239,2170,2168,1291,2165,5,1,0,0,9550,0,0.14438194444444866,1223,0.14883333333333362,376,0.1747569444444466,719,0.1932222222222215,296
ALT,20891841,34.409814766856805,5.800070338872421,44.21486793679026,0.3237589325728863,2.945044642167547,41.00061185115413,31.24898081713848,5.175996321802899,21.492925202733694,0.0,0.10507025045815516,1.0,0.8949297495418449,0.8600518929788954,2202,2201,1316,2194,8,0,0,0,9682,0,0.14509027777778202,1229,0.14883333333333362,376,0.1771875000000022,729,0.19387499999999924,297
ALT,20899760,25.4719433508439,5.6325755496028584,31.961456183025554,0.2469739664629187,2.7852584700695013,29.428571909879604,22.87693745746728,4.420297220328588,15.945575636909803,0.0,0.04782608695652174,1.0,0.9521739130434783,0.8396603498943489,2136,2135,1284,2130,6,0,0,0,9516,0,0.1436736111111153,1217,0.15477083333333364,391,0.1788888888888911,736,0.20758333333333243,318
ALT,20907679,44.31892092218555,6.505181612151695,57.62201102814391,0.4116484728798631,3.2662666839468018,54.82394386001361,41.41942145227185,5.126453716948482,27.707131270477806,0.0,0.13842333954065797,1.0,0.861576660459342,0.8587889537807405,2205,2177,1322,2171,34,0,27,1,9710,0,0.14650694444444876,1241,0.14329166666666696,362,0.1873958333333357,771,0.19126388888888818,293
ALT,20915598,26.135993403862173,4.844332928771877,33.18304041200581,0.24791621082549137,2.6086657015792616,30.42109930859324,23.521579410899506,4.230705656845997,16.264315606790436,0.0,0.008327994875080076,1.0,0.9916720051249199,0.8147207718588498,2077,2076,1252,2071,6,0,0,0,9216,0,0.13954166666667064,1182,0.14012500000000028,354,0.17572916666666882,723,0.186041666666666,285
ALT,20923517,38.45518111665351,5.61618889249184,49.356728506088835,0.3554532091475042,3.101943916421768,46.19687134412165,35.47035128323929,5.281743373076998,24.519499098011472,0.0,0.09626604434072346,1.0,0.9037339556592765,0.8650758004657377,2288,2282,1299,2279,9,0,5,0,9839,0,0.14473611111111534,1226,0.16387500000000033,414,0.1776736111111133,731,0.18538888888888824,284
ALT,20931436,39.82082734755993,6.420216200774223,50.52120550826271,0.37078421889320223,3.197925423272944,47.43044238776503,36.6969554729869,5.658569363727042,25.096570431864464,0.0,0.1096305269533616,1.0,0.8903694730466384,0.859344629177205,2199,2180,1301,2172,27,0,18,0,9654,0,0.14438194444444866,1223,0.14527083333333363,367,0.1856944444444468,764,0.19779166666666587,303
ALT,20939355,55.039266206703175,5.724125705975309,70.72106820693463,0.4931870242347584,2.979591522247069,67.69357711350928,52.079021060932206,4.84959667089889,34.5562591075685,0.0,0.20465393794749404,1.0,0.7953460620525059,0.8646327841454078,2210,2209,1303,2205,5,0,0,1,9713,0,0.1445000000000042,1224,0.17693750000000036,447,0.1747569444444466,719,0.18343055555555493,281
ALT,20947274,26.975569678737976,5.223667731669542,33.90749447505648,0.25635607320165327,2.6627696024845338,31.062230842941897,24.208092297137004,4.688561375512187,16.927804288463843,0.0,0.05474452554744526,1.0,0.9452554744525548,0.8431774988041967,2171,2167,1289,2160,11,0,3,1,9519,0,0.1448541666666709,1227,0.13735416666666694,347,0.17500000000000215,720,0.1906111111111104,292
ALT,20955193,35.63836399452831,5.639887717577716,45.693928005119844,0.3323837020393708,3.15891810154236,42.69028039297896,32.77524815701604,4.8644385431346935,22.159804708137884,0.0,0.08322981366459627,1.0,0.9167701863354037,0.8564963743469689,2165,2149,1319,2143,22,0,15,0,9622,0,0.14438194444444866,1223,0.1555625000000003,393,0.1820486111111134,749,0.1886527777777771,289
ALT,20963112,41.680695593544634,7.925649908014149,52.51043941765233,0.3954680765484994,3.452082289428496,49.242651192270486,38.150014500750565,6.390569772444703,26.162468071403943,0.0074211502782931356,0.13167259786476868,0.9925788497217068,0.8683274021352313,0.8694911099023559,2246,2225,1349,2219,27,1,19,1,9935,0,0.1508750000000045,1278,0.162291666666667,410,0.1820486111111134,749,0.2036666666666658,312
ALT,20971031,37.78561832967718,5.92004595489547,47.79717346454136,0.3502627529893595,3.2578265302053024,44.97651198771051,34.982620763907036,4.639923591790555,23.6836793344301,0.0,0.10683760683760683,1.0,0.8931623931623932,0.8478513954661766,2156,2154,1278,2150,6,0,0,0,9437,0,0.14261111111111524,1208,0.14329166666666696,362,0.17135416666666875,705,0.18343055555555493,281
ALT,20978950,75.65296214966534,7.137976707426998,98.98806022529891,0.6757775611203866,3.3793510119148484,95.46728098831254,72.1215978455956,5.72008950330948,46.98149804960156,0.0,0.3082191780821918,1.0,0.6917808219178082,0.9179641662181964,2354,2347,1430,2342,12,0,6,0,10517,0,0.16067361111111605,1361,0.17377083333333368,439,0.20416666666666924,840,0.19583333333333255,300
ALT,20986869,25.214580820580167,5.138532088093602,32.57789649989343,0.2445944571998052,2.8528949494427764,30.09076795449264,22.785782333916337,4.332875862374107,15.908988592870731,0.0,0.05503439649781113,1.0,0.9449656035021888,0.8492867113249237,2197,2185,1298,2180,17,0,10,1,9596,0,0.14414583333333753,1221,0.1484375000000003,375,0.1764583333333355,726,0.18277777777777715,280
ALT,20994788,41.47152739592667,6.189905239040182,53.76994204146684,0.38559499099590583,3.2046706878545206,50.96595760259323,38.59471517195967,4.758762357467639,25.926781994770586,0.001763668430335097,0.13625154130702835,0.998236331569665,0.8637484586929717,0.8604586034382091,2194,2189,1310,2182,12,0,4,1,9710,0,0.14686111111111544,1244,0.1508125000000003,381,0.1820486111111134,749,0.2062777777777769,316
ALT,21002707,48.978008201931814,5.528801210144305,64.0333565212746,0.443719105480157,2.859660024140792,61.52350749103605,46.42192299460756,4.423204678208867,30.867282915397276,0.0,0.13454545454545455,1.0,0.8654545454545455,0.8503275758037496,2233,2222,1307,2215,18,0,10,3,9653,0,0.14414583333333753,1221,0.1472500000000003,372,0.17135416666666875,705,0.17429166666666615,267
ALT,21010626,36.483129957062864,5.784259118967736,46.8521141253379,0.34053693265374163,2.7420460552594452,43.71636782386263,33.375844980051106,5.214972299822041,22.817500885013118,0.0,0.06148282097649186,1.0,0.9385171790235082,0.8577538992379692,2227,2219,1331,2214,13,0,5,0,9883,0,0.1466250000000043,1242,0.17218750000000035,435,0.18763888888889127,772,0.2036666666666658,312
ALT,21018545,50.495585331745524,6.559832510766933,66.80135728946931,0.46518583130366414,3.1784885916915253,63.67907429758864,47.34228247781445,5.306079508120929,31.425890190072497,0.0,0.17879161528976573,1.0,0.8212083847102343,0.8778118479399254,2225,2222,1354,2213,12,0,2,2,9940,0,0.15063888888889337,1276,0.16308333333333366,412,0.19274305555555804,793,0.18669444444444377,286
ALT,21026464,35.80530462784324,6.0099952611505705,45.85150960533331,0.33626367649279476,3.0242346319786373,42.791295511941264,32.719131743158336,5.153449340224147,22.419093474186635,0.0,0.1029678982434888,1.0,0.8970321017565112,0.866857015203615,2227,2211,1319,2205,22,0,15,0,9810,0,0.1478055555555599,1252,0.1555625000000003,393,0.18593750000000234,765,0.20105555555555474,308
ALT,21034383,38.585157292641654,5.200779214370899,48.77825734494208,0.35195551228246313,2.756283872575716,46.19136964674407,36.03157623809907,4.235488576181148,24.072074939922953,0.0,0.0970414201183432,1.0,0.9029585798816568,0.8636438765899662,2217,2206,1330,2206,11,0,8,0,9747,0,0.1456805555555598,1234,0.14883333333333362,376,0.17913194444444666,737,0.19779166666666587,303
SBP,20250402,53.141882160269304,16.581309748496132,65.57759611363207,0.5480612903506688,5.65237528466073,51.26642596638064,39.68442353241349,23.017761957559763,33.54311111246459,0.0,0.1381118881118881,1.0,0.8618881118881119,0.8875591395650174,2317,2300,1342,2297,20,0,16,1,10027,0,0.14768750000000436,1251,0.171791666666667,434,0.17694444444444662,728,0.1932222222222215,296
SBP,20258321,52.53192884345677,15.243151390515232,65.24554087942661,0.5346591996867527,5.776856135102414,49.45418736557198,38.36866954655844,24.17368806614977,33.12923413427547,0.0,0.15896820635872824,1.0,0.8410317936412718,0.8614362798614269,2243,2234,1307,2230,13,0,8,0,9730,0,0.1445000000000042,1224,0.14131250000000029,357,0.18229166666666893,750,0.1906111111111104,292
SBP,20266240,48.725270357035754,11.35144627928218,61.17585321577941,0.4769590248869263,4.970724703177687,49.78611992454739,38.64155074251365,17.446765233697167,30.685480059914617,0.0,0.142018779342723,1.0,0.857981220657277,0.8964199890265042,2281,2268,1363,2257,24,0,11,6,10111,0,0.15359027777778242,1301,0.16031250000000033,405,0.19298611111111358,794,0.20562499999999911,315
SBP,20274159,43.10016116729197,13.630741491112481,53.717819727091936,0.44942562230371846,5.751233231438785,45.87706080121326,35.25975961585965,13.495395464404378,27.251066844625626,0.0,0.11850946854001222,1.0,0.8814905314599878,0.8531954152535893,2234,2226,1296,2220,14,0,6,0,9693,0,0.14284722222222637,1210,0.161104166666667,407,0.17572916666666882,723,0.18669444444444377,286
SBP,20282078,57.18058326768734,18.13739273970189,71.29314286008902,0.5968893134737309,6.127250197530112,52.265908684752524,40.02297518266061,28.897580751789768,35.87006544183521,0.0,0.17373134328358208,1.0,0.8262686567164179,0.89451949661478,2293,2280,1358,2275,18,0,12,0,10052,0,0.1502847222222267,1273,0.14685416666666695,371,0.19517361111111362,803,0.19583333333333255,300
SBP,20289997,53.778361512404516,14.760093136714053,66.93624194130751,0.5412087215153601,6.630552055090726,56.98668297468515,44.294178742896975,16.14088018772215,33.72665424243768,0.0,0.14102564102564102,1.0,0.858974358974359,0.8744121141898816,2206,2190,1316,2177,29,0,16,8,9791,0,0.1475694444444488,1250,0.15912500000000032,402,0.18934027777778017,779,0.20040277777777696,307
SBP,20297916,37.424973275071586,9.98298943546234,46.88190309056769,0.3758390116613583,5.692936520358604,40.324633048107295,31.489211610503983,10.267336943892417,23.5121520969241,0.0,0.0856269113149847,1.0,0.9143730886850153,0.8669541211052054,2210,2195,1322,2185,25,1,14,1,9775,0,0.1487500000000044,1260,0.16783333333333367,424,0.1796180555555578,739,0.186041666666666,285
SBP,20305835,24.500144976569743,7.012709814100215,30.07117290655696,0.2465254270867431,3.9246481707452214,25.307386203533905,20.14055359338051,7.383334885907078,15.420083907711177,0.0,0.042279411764705885,1.0,0.9577205882352942,0.8322011056497465,2153,2152,1264,2144,9,0,0,0,9454,0,0.14013194444444846,1187,0.15833333333333366,400,0.17815972222222443,733,0.186041666666666,285
SBP,20313754,37.697342497755784,11.720243696490014,46.1089744905466,0.38581507579316754,4.739012251031613,37.475573099648095,29.471667885424562,14.006870754290938,23.740724676998774,0.0,0.08506841165972635,1.0,0.9149315883402737,0.8656417821049429,2237,2225,1310,2224,13,0,9,0,9757,0,0.1448541666666709,1227,0.1567500000000003,396,0.18107638888889113,745,0.19126388888888818,293
SBP,20321673,45.53477526346531,13.83300797634811,56.82389289954817,0.4702678351870397,5.724282153945183,46.58628446051182,35.86214797800667,16.141126832139534,28.436013528533014,0.0,0.1110410094637224,1.0,0.8889589905362776,0.8448618487997227,2164,2149,1298,2144,20,1,14,2,9560,0,0.14379166666667084,1218,0.14962500000000029,378,0.1825347222222245,751,0.186041666666666,285
SBP,20329592,44.28036553499036,9.42152761562261,55.5340061231327,0.42648558068452186,4.8938293653393306,49.56619143613436,38.70705943162364,10.523260925019125,28.279053984179967,0.0,0.10964649490713002,1.0,0.8903535050928699,0.8480644171857947,2228,2205,1295,2184,44,1,19,16,9678,0,0.1466250000000043,1242,0.15714583333333365,397,0.17013888888889095,700,0.18669444444444377,286
SBP,20337511,34.10119032219724,8.005750292646889,43.044928227061924,0.33526321002761783,4.288272979448111,38.85064917902259,30.05790379738849,7.8750246576347935,21.896891436658972,0.0,0.08887507768800497,1.0,0.911124922311995,0.8308733026277101,2171,2158,1256,2143,28,0,12,9,9371,0,0.1406041666666707,1191,0.1508125000000003,381,0.16746527777777978,689,0.1592777777777774,244
SBP,20345430,56.14332907141935,9.814295673893884,70.27668554958082,0.5252144731479256,5.993412481597424,64.03341840022374,50.47606105522974,10.389618284791089,35.572992404603674,0.0,0.11946386946386946,1.0,0.8805361305361306,0.8793907088795626,2255,2239,1325,2216,39,1,14,14,9900,0,0.15099305555556006,1279,0.1520000000000003,384,0.1825347222222245,751,0.2036666666666658,312
SBP,20353349,37.18736964609642,11.055591538721304,46.36880519733633,0.381756092052492,4.9620974904288255,40.29547960442348,31.101752798696854,10.554591178329513,23.475639791365545,0.0,0.09436274509803921,1.0,0.9056372549019608,0.8595947355400813,2228,2206,1302,2200,28,0,19,5,9674,0,0.14461805555555976,1225,0.15516666666666698,392,0.17694444444444662,728,0.177555555555555,272
SBP,20361268,86.65933355633331,43.43890397983144,100.43373384229001,0.9846168711695201,7.866162946699051,63.65987537432504,50.224769701157506,59.171680354182136,53.62927946836531,0.0,0.21005385996409337,1.0,0.7899461400359067,0.8803761492203284,2204,2201,1352,2193,11,0,1,0,9865,0,0.151819444444449,1286,0.16862500000000033,426,0.17791666666666886,732,0.19387499999999924,297
SBP,20369187,45.988366459953916,12.261723850807767,58.226021301415,0.46485122333817436,5.820662888355053,47.14242788349174,36.14580922447716,16.219079225407274,28.617683197702224,0.0,0.10643564356435643,1.0,0.8935643564356436,0.8763585404401285,2212,2202,1337,2201,11,0,7,0,9779,0,0.14627083333333762,1239,0.15595833333333364,394,0.18229166666666893,750,0.19191666666666593,294
SBP,20377106,34.92528758826546,8.999659960517132,42.84353650830667,0.34368397555652136,4.512584569207486,37.561727029940954,29.832001261040126,8.410223015296816,21.791903299954377,0.0,0.056490384615384616,1.0,0.9435096153846154,0.8554194661065833,2174,2172,1305,2167,7,0,1,0,9588,0,0.14284722222222637,1210,0.15279166666666696,386,0.17548611111111326,722,0.19452777777777702,298
SBP,20385025,42.37220961420559,12.554686914453235,53.07733855900965,0.43601805212690126,5.086239334287256,43.686777313738624,33.45572726527667,15.126353700789277,26.661888208719425,0.0,0.10513447432762836,1.0,0.8948655256723717,0.8596363041740349,2238,2226,1311,2222,16,0,9,0,9729,0,0.1436736111111153,1217,0.15120833333333364,382,0.1764583333333355,726,0.19844444444444365,304
SBP,20392944,38.901950404245355,8.648155715393402,49.80648715829379,0.3814642337738073,4.565203451926113,42.11994725233319,32.189270120754415,12.505061518076717,24.91894292692923,0.0,0.08291139240506329,1.0,0.9170886075949367,0.8377169242815532,2164,2148,1258,2125,39,0,15,18,9439,0,0.142138888888893,1204,0.14764583333333361,373,0.17548611111111326,722,0.18147222222222162,278
SBP,20400863,52.37665187148028,15.668368782541686,63.928964490646244,0.5302369456701634,6.258175165827722,54.214070011270856,42.73982862383254,16.060702465331765,32.733292205523995,0.0,0.11992945326278659,1.0,0.8800705467372134,0.8778391767854653,2240,2236,1342,2235,5,0,2,0,9877,0,0.14945833333333777,1266,0.161104166666667,407,0.18277777777778006,752,0.18081944444444384,277
SBP,20408782,51.01413746655617,13.085493127375859,63.13886803399907,0.5043622581790124,5.037675709051151,52.04786799046446,40.69344847330832,18.24456487483311,32.32855947028824,0.0,0.12238979118329467,1.0,0.8776102088167054,0.8909142626399501,2293,2273,1350,2254,39,2,15,12,10012,0,0.15075694444444895,1277,0.15120833333333364,382,0.1771875000000022,729,0.21672222222222123,332
SBP,20416701,60.45335393947932,17.388870877407246,73.69606744366834,0.6060188037885295,6.69186716377477,58.77497424446238,46.559118220082915,23.444353628272008,37.89108149815382,0.0,0.18883610451306412,1.0,0.8111638954869359,0.8702321057046356,2216,2200,1320,2194,22,0,14,4,9709,0,0.1478055555555599,1252,0.13972916666666693,353,0.18059027777778003,743,0.18669444444444377,286
SBP,20424620,48.81612267366313,16.42401640715683,60.28040734982625,0.5141340674595961,5.540326031393803,42.81884558407052,33.07925968364429,26.338822540053574,30.563855465722305,0.0,0.13000616142945162,1.0,0.8699938385705484,0.8545193300296409,2201,2197,1308,2192,9,0,4,1,9679,0,0.14556250000000426,1233,0.14368750000000027,363,0.18690972222222457,769,0.18408333333333268,282
SBP,20432539,38.748229836121865,8.635681208630473,48.577524232526926,0.3760308187809754,5.07670280162133,42.22638975807716,33.09149866796325,10.473906704201617,24.757329805488144,0.0,0.08953418027828192,1.0,0.9104658197217181,0.8588776616372444,2214,2192,1279,2174,40,1,19,12,9572,0,0.14343750000000416,1215,0.14210416666666695,359,0.17329861111111322,713,0.19191666666666593,294
SBP,20440458,32.50575750041977,8.990399120394436,40.45184277987908,0.327648000389969,4.870688487056353,35.733717351638326,27.97347905176339,8.543309846240634,20.73786357806748,0.001763668430335097,0.05509478672985782,0.998236331569665,0.9449052132701422,0.8773109191095895,2274,2255,1338,2241,33,0,16,9,9950,0,0.15170138888889342,1285,0.15952083333333364,403,0.1820486111111134,749,0.186041666666666,285
SBP,20448377,31.592268527383176,7.4557009450309675,40.72212085510064,0.31442367909842783,4.119002917889349,36.506534539227545,27.63017280974978,6.574136783152976,19.766821981924036,0.0,0.07677664974619289,1.0,0.9232233502538071,0.8467333753944033,2172,2171,1294,2168,4,0,0,0,9570,0,0.14390972222222642,1219,0.14804166666666696,374,0.1764583333333355,726,0.19974999999999918,306
SBP,20456296,55.71523951431695,13.005564480825294,70.28369308402331,0.5469914422549309,6.575224886751926,61.31415345342442,47.45057623194179,15.298746730563666,35.54418080081285,0.0,0.14544357272178637,1.0,0.8545564272782136,0.8613096040752731,2235,2219,1305,2186,49,0,15,29,9819,0,0.14745138888889323,1249,0.16347916666666698,413,0.1808333333333356,744,0.19844444444444365,304
SBP,20464215,35.10492787300214,8.063565260222365,43.877374897446884,0.3419195035558812,3.827601627078765,36.62663383880501,28.576380490905855,11.357664256490985,22.123765988561555,0.0,0.07001239157372986,1.0,0.9299876084262702,0.8300982233660735,2152,2139,1282,2127,25,0,13,3,9539,0,0.14048611111111514,1190,0.16347916666666698,413,0.1808333333333356,744,0.20693055555555467,317
SBP,20472134,43.37094677178862,14.7952769940458,52.913583601894075,0.45402176740390043,5.418618790614881,40.441836906720106,31.70198101982318,20.054345563246013,27.410746904242103,0.0,0.1049757281553398,1.0,0.8950242718446602,0.846125642016098,2204,2196,1281,2189,15,0,8,1,9556,0,0.14202083333333743,1203,0.1508125000000003,381,0.1728125000000021,711,0.18343055555555493,281
SBP,20480053,47.79398413344907,13.57896827386856,59.61187091699557,0.48543537949089677,5.200528896212794,42.54876338147957,32.973556387235725,25.709815489627726,30.313423851155157,0.0,0.12241277350680072,1.0,0.8775872264931993,0.8664678734897153,2282,2274,1314,2267,15,0,7,1,9867,0,0.14686111111111544,1244,0.15358333333333363,388,0.18156250000000226,747,0.18734722222222155,287
SBP,20487972,44.346580815292796,9.549288033990239,56.42391812523412,0.4310646442751157,5.3004880592025465,48.09346976732961,37.102922552674016,12.214378801012298,27.781237837938864,0.0,0.07230392156862746,1.0,0.9276960784313726,0.8680197793147227,2198,2196,1315,2189,9,0,1,0,9782,0,0.14650694444444876,1241,0.165854166666667,419,0.19250000000000247,792,0.18930555555555487,290
SBP,20495891,52.48497881070966,14.465042617823295,65.38898534006276,0.5290100122991902,5.588239241395845,51.03212141659242,39.54193598471857,21.432602879076146,32.75279305668035,0.0,0.12353629976580796,1.0,0.8764637002341921,0.8893988921163848,2286,2286,1371,2281,5,0,0,1,10064,0,0.15276388888889347,1294,0.15833333333333366,400,0.17621527777777996,725,0.20431944444444358,313
SBP,20503810,44.01817475973319,14.199729222894067,54.372553306705754,0.45831615368862966,5.842278969216343,46.069175653356034,35.70141877600044,13.720066111898337,27.372738103438355,0.0017391304347826088,0.12016908212560387,0.9982608695652174,0.8798309178743962,0.8802790646143328,2241,2231,1361,2227,14,0,8,0,9984,0,0.14993055555556,1270,0.17020833333333368,430,0.18763888888889127,772,0.19779166666666587,303
SBP,20511729,57.77253708431607,19.535340231287584,70.12258096341364,0.6006686197887491,6.035935688811386,50.13430871031569,39.38781330282298,30.134957899292512,35.89205963579414,0.0,0.14532459797498512,1.0,0.8546754020250149,0.873076831770917,2225,2220,1348,2216,9,1,4,0,9867,0,0.1491041666666711,1263,0.14804166666666696,374,0.1849652777777801,761,0.20301388888888805,311
SBP,20519648,50.95798687136989,13.55381235475428,63.91161950804085,0.5118117012428129,5.203932753556112,53.25059033935498,40.90482666830202,17.58736307379877,32.213243727786605,0.0,0.14497920380273321,1.0,0.8550207961972668,0.8842801019713281,2290,2265,1346,2247,43,1,21,10,10050,0,0.151819444444449,1286,0.165854166666667,419,0.18690972222222457,769,0.19909722222222143,305
SBP,20527567,42.284862851766945,13.683843004957037,51.77261838192484,0.4375885665886922,5.682922782710979,42.09038104754307,33.04596738481878,15.805366025144036,26.613634486353387,0.0,0.10977804439112178,1.0,0.8902219556088782,0.8691261994904309,2226,2218,1320,2212,14,0,5,1,9792,0,0.1479236111111155,1253,0.15041666666666698,380,0.18763888888889127,772,0.1879999999999993,288
SBP,20535486,32.079170212573786,8.348561450321068,40.152470100762855,0.3203076737959216,4.8729267836649415,37.168717749586335,28.974913833806003,5.9734253102242505,20.487279692262923,0.0,0.050030138637733576,1.0,0.9499698613622665,0.8575982641111835,2237,2223,1300,2210,27,2,11,6,9701,0,0.14402777777778197,1220,0.15872916666666698,401,0.17572916666666882,723,0.1795138888888883,275
SBP,20543405,43.919967610231545,13.07854607192473,54.08587899118663,0.4470555625998383,5.288141243931853,43.79510786261751,34.27843449423521,16.266980675422353,27.54087167018707,0.0,0.09988317757009346,1.0,0.9001168224299065,0.8790587594471999,2285,2274,1359,2267,18,3,8,1,10074,0,0.1524097222222268,1291,0.15754166666666697,398,0.19152777777778024,788,0.19713888888888811,302
SBP,20551324,54.862678916562935,16.763006097101037,67.80650533662022,0.563459840556474,6.346924754928262,53.27021309003519,41.34518947735477,22.036925473846484,34.01083503207097,0.0,0.16136772645470907,1.0,0.8386322735452909,0.8837569252818995,2250,2235,1369,2232,18,0,13,0,10014,0,0.15288194444444905,1295,0.16664583333333366,421,0.17913194444444666,737,0.2108472222222213,323
SBP,20559243,49.10299416974936,20.71374982603767,59.4343558744975,0.5473617447617458,6.129664019954936,45.046265792585565,34.67790972448098,24.511332794661197,30.903821479593436,0.0,0.10870907967881409,1.0,0.891290920321186,0.860986987620382,2221,2207,1303,2200,21,0,14,2,9676,0,0.14355555555555974,1216,0.1531875000000003,387,0.18350694444444673,755,0.1729861111111106,265
SBP,20567162,37.797901388859614,9.165812377431443,47.05463335703356,0.3709656922685603,4.37578284591157,40.59479011597421,31.762089432948027,10.532956790153875,23.962014555000955,0.0,0.08408408408408409,1.0,0.9159159159159159,0.8536778050538716,2209,2202,1279,2198,11,0,5,1,9585,0,0.14131250000000406,1197,0.1531875000000003,387,0.18277777777778006,752,0.17233333333333284,264
SBP,20575081,32.48151357393163,6.984180716871143,41.44132399846877,0.3160812844429217,4.514349254974863,38.90005991058622,29.971784855245954,4.476498778062591,20.519801989153077,0.0,0.038485412787088766,1.0,0.9615145872129113,0.8402279469319527,2185,2176,1282,2169,16,0,7,2,9555,0,0.14095833333333738,1194,0.15516666666666698,392,0.17840277777778,734,0.19126388888888818,293
SBP,20583000,41.495386864978805,8.846924875857933,51.82693234544555,0.3989605436546698,4.965583473761072,43.96072626148373,34.59977652356296,11.437720596630923,25.857779057192044,0.0,0.10291493158834028,1.0,0.8970850684116597,0.8682270152757582,2220,2212,1341,2209,11,0,6,0,9859,0,0.146979166666671,1245,0.15516666666666698,392,0.18666666666666903,768,0.21215277777777683,325
SBP,20590919,37.056778719453455,8.159845814528087,46.850225001358154,0.36044271862709976,5.042913083423265,43.04198977403767,33.42374772948492,6.211021363064628,23.218975342077304,0.0,0.08534322820037106,1.0,0.9146567717996289,0.8434107808980366,2180,2165,1299,2161,19,0,13,0,9596,0,0.1448541666666709,1227,0.15358333333333363,388,0.1759722222222244,724,0.1951805555555548,299
SBP,20598838,43.80726446133012,12.92200716587821,54.3869499531616,0.4474860528956402,5.494548377721101,44.23080615343078,34.36059295175241,16.317696718021633,27.70329865733214,0.0,0.08518296340731854,1.0,0.9148170365926814,0.8710610991267392,2254,2237,1308,2234,20,0,14,0,9782,0,0.14532638888889313,1231,0.156354166666667,395,0.1808333333333356,744,0.18995833333333262,291
SBP,20606757,56.324231240306034,15.13712647193916,69.01574682798089,0.5585102027628129,5.550382511897558,55.14984170517018,43.472888472753084,21.74835352388393,35.27426929836691,0.0,0.16821885913853318,1.0,0.8317811408614668,0.8856328249932507,2270,2247,1362,2233,37,1,19,9,10000,0,0.151819444444449,1286,0.15477083333333364,391,0.18277777777778006,752,0.20040277777777696,307
SBP,20614676,73.72032362490263,31.893510500284876,87.15952303092243,0.8082270075662109,7.754292604204609,59.85575914834774,47.20478099992002,44.655874530813094,46.246212052089454,0.0,0.22662889518413598,1.0,0.773371104815864,0.9232928824972868,2361,2331,1405,2307,54,0,27,22,10449,0,0.15701388888889367,1330,0.1749583333333337,442,0.19906250000000258,819,0.20888888888888799,320
SBP,20622595,47.17619204803397,13.924932313253972,58.88607077674856,0.4838017152399145,6.247863573826279,48.89634118037478,37.790360297890054,16.057060380367503,29.669762520108467,0.0,0.12934131736526946,1.0,0.8706586826347306,0.8787556321554222,2275,2258,1347,2250,25,2,14,3,10024,0,0.1508750000000045,1278,0.165854166666667,419,0.1886111111111135,776,0.19909722222222143,305
SBP,20630514,45.65107231672551,10.097195715377387,57.771216639441356,0.4446007377302551,4.89117219693423,49.92127632326495,38.48897591493624,12.03283924035641,28.544363696705794,0.0,0.11872705018359853,1.0,0.8812729498164015,0.8670156053665591,2205,2190,1319,2187,18,0,14,0,9710,0,0.14638888888889318,1240,0.15991666666666698,404,0.17572916666666882,723,0.19191666666666593,294
SBP,20638433,58.66218268614642,22.30162574793092,70.5715192717887,0.626410126749333,6.01499500080667,49.071991883673924,38.4583935549852,33.29315077350086,36.510533439695415,0.0,0.1390053924505692,1.0,0.8609946075494308,0.8726227441879211,2221,2215,1341,2213,8,0,4,0,9838,0,0.14957638888889332,1267,0.14883333333333362,376,0.18180555555555783,748,0.20497222222222136,314
SBP,20646352,46.119533392179804,12.379239559931273,57.70690262469642,0.4634438366219488,5.768257323157441,48.68192506898368,37.74201604238191,14.691242746251945,29.155489582620223,0.0,0.13529765484064943,1.0,0.8647023451593505,0.871584478187754,2258,2232,1325,2218,40,0,25,3,9865,0,0.14615277777778207,1238,0.1484375000000003,375,0.19128472222222467,787,0.19974999999999918,306
SBP,20654271,33.36075540227255,9.285484113674357,41.23625003907196,0.3352254087235012,4.499826769391988,36.632078606066536,28.711645656727946,7.982056938209954,21.080976817216296,0.0,0.07623049219687875,1.0,0.9237695078031213,0.8652290180441798,2221,2211,1288,2207,14,0,9,0,9661,0,0.14438194444444866,1223,0.15833333333333366,400,0.1764583333333355,726,0.1879999999999993,288
SBP,20662190,74.26872957018554,23.099833715449694,91.3452131572098,0.7634081451410052,7.229805214680976,69.15290858627651,53.64473314011586,33.61553879858273,46.05808393653349,0.0,0.1959858323494687,1.0,0.8040141676505312,0.902055543832878,2264,2260,1378,2254,10,1,3,0,10131,0,0.151819444444449,1286,0.168229166666667,425,0.19541666666666918,804,0.2082361111111102,319
SBP,20670109,55.428271888745236,14.236901523498334,69.06972748407155,0.5504496169591769,5.766036961453832,52.87960478868891,41.17928436495664,23.669063936493355,34.62142126916674,0.0,0.1951793062904174,1.0,0.8048206937095825,0.8936779235391538,2264,2263,1355,2259,5,0,0,0,9999,0,0.1500486111111156,1271,0.165854166666667,419,0.18156250000000226,747,0.20236111111111027,310
SBP,20678028,17.996063418096195,4.931426828934196,22.48936818270944,0.1815175962204965,3.540082180753111,21.087043474300756,16.5988636625486,2.626792575152059,11.430485300157502,0.0,0.012048192771084338,1.0,0.9879518072289156,0.8155944367319321,2128,2119,1244,2114,14,1,7,2,9291,0,0.1384791666666706,1173,0.1460625000000003,369,0.17208333333333542,708,0.1879999999999993,288
SBP,20685947,59.96564928733616,20.05706119982347,73.16726068630847,0.6243534226566061,6.102726595920474,55.56698030408473,43.22264985318961,27.815575711268195,37.449229762645466,0.0,0.1756440281030445,1.0,0.8243559718969555,0.8912713253860642,2278,2276,1364,2273,5,0,0,0,10011,0,0.151819444444449,1286,0.15516666666666698,392,0.17791666666666886,732,0.19844444444444365,304
SBP,20693866,55.232070902974314,20.353139301688937,67.24545593997878,0.5906244869559094,6.816798131551401,51.635034570259904,40.11839879175979,24.721655324080704,34.27381556907897,0.0,0.1523579201934704,1.0,0.8476420798065296,0.8706750285807947,2248,2226,1362,2221,27,0,19,1,10000,0,0.15111111111111564,1280,0.15714583333333365,397,0.19177083333333578,789,0.20954166666666574,321
SBP,20701785,43.23570970559614,10.93834626893001,54.705057017260565,0.43195917609042833,5.731217647589154,49.32280680881206,38.01838121509268,10.605956883192013,27.918657461812213,0.0,0.10376213592233009,1.0,0.8962378640776699,0.8685930489428536,2248,2225,1298,2198,50,1,19,25,9808,0,0.1475694444444488,1250,0.16031250000000033,405,0.18350694444444673,755,0.18930555555555487,290
SBP,20709704,36.57117417721066,10.109390858965167,44.99439743856088,0.36578432270649497,5.597367770667849,39.453067499957506,31.270008238035032,9.02190169265507,23.04883909616009,0.0,0.06268480189237138,1.0,0.9373151981076286,0.8680483490366511,2235,2230,1307,2224,11,0,3,2,9710,0,0.1454444444444487,1232,0.1520000000000003,384,0.1747569444444466,719,0.1821249999999994,279
SBP,20717623,39.670383880220186,6.7449930453152165,50.658906629880356,0.372781308133286,4.6159798020041976,47.34027906812861,36.64944984537236,5.308319266377922,25.128439384194206,0.0,0.08952496954933009,1.0,0.9104750304506699,0.8394518447601695,2205,2190,1273,2186,19,0,12,1,9533,0,0.14166666666667074,1200,0.15041666666666698,380,0.17548611111111326,722,0.1795138888888883,275
SBP,20725542,54.96374488780597,16.586214418549766,67.73337041067118,0.5615559014202037,6.319007663039761,54.069596623383624,42.15307796248364,22.970914910316143,35.11764746786692,0.0,0.16922169811320756,1.0,0.8307783018867925,0.866565776157934,2275,2260,1309,2235,40,2,10,15,9890,0,0.14638888888889318,1240,0.15872916666666698,401,0.1832638888888912,754,0.20431944444444358,313
SBP,20733461,30.685119133723656,6.445148606770424,38.666211020811076,0.29562058245002776,3.8190614920619756,34.96981529036461,27.260790360481636,5.974541589033167,19.304458157237523,0.0,0.04758999389871873,1.0,0.9524100061012812,0.8472518468322807,2193,2178,1300,2172,21,0,13,0,9665,0,0.1456805555555598,1234,0.161104166666667,407,0.18229166666666893,750,0.1879999999999993,288
SBP,20741380,34.53210135257173,9.060050113087097,42.57181471692677,0.3421067909520114,4.836817086736458,37.51446437198484,29.694686834787806,8.9688328880397,21.880897287776975,0.0,0.07441016333938294,1.0,0.925589836660617,0.8568004541087365,2193,2173,1315,2155,38,0,17,12,9724,0,0.14733333333333767,1248,0.16031250000000033,405,0.18350694444444673,755,0.19191666666666593,294
SBP,20749299,44.201665005276666,10.831189888694462,56.13709041193746,0.43968165791306224,5.590697762946055,47.66004831444055,36.569379491660506,12.880446867150814,27.797675683597845,0.0,0.12135922330097088,1.0,0.8786407766990292,0.8671816756827639,2241,2238,1316,2232,9,0,2,0,9825,0,0.146979166666671,1245,0.14645833333333363,370,0.1898263888888913,781,0.19713888888888811,302
SBP,20757218,47.65066795081061,12.068897720814808,59.12379773459024,0.4706561741234173,4.4658057264016735,47.52226435669414,37.05171646250938,19.17311874870818,30.53444600762284,0.0,0.11651651651651651,1.0,0.8834834834834835,0.846137314566277,2217,2200,1262,2186,31,0,14,11,9560,0,0.14131250000000406,1197,0.15516666666666698,392,0.17572916666666882,723,0.18408333333333268,282
SBP,20765137,33.31089945978606,8.603163929869977,42.14597135087812,0.3342419991236098,5.137414383404142,37.988446844049406,29.3442213641423,6.81093904390586,20.814172188595453,0.0,0.049170251997541485,1.0,0.9508297480024586,0.8689098406737634,2223,2208,1345,2202,21,0,14,1,9868,0,0.1502847222222267,1273,0.14566666666666694,368,0.18763888888889127,772,0.20693055555555467,317
SBP,20773056,40.56540187749033,11.692848081069657,50.60352989990182,0.4134576661686089,5.049958599626681,42.64079841897616,32.97315865986816,13.134603853807672,25.675008749370534,0.0,0.08863771564544913,1.0,0.9113622843545509,0.865380469304294,2274,2263,1317,2256,18,1,10,2,9848,0,0.14686111111111544,1244,0.15754166666666697,398,0.17111111111111318,704,0.2036666666666658,312
SBP,20780975,36.96845374876379,9.354414127720167,46.40255117552763,0.36762165701124416,4.785078345945855,42.47158047314052,32.88940706232465,8.329625126853113,23.928689130299883,0.0,0.08538785327720987,1.0,0.9146121467227901,0.8494422506902591,2245,2230,1281,2207,38,0,13,16,9653,0,0.14509027777778202,1229,0.1381458333333336,349,0.17256944444444655,710,0.19387499999999924,297
SBP,20788894,28.087683974065193,7.518739801257462,35.139166072911415,0.2820523032773094,4.473228113724475,29.90439159307271,23.412075249448854,7.9978581906490325,17.66900043764206,0.0,0.0592958616429895,1.0,0.9407041383570105,0.8442674080920539,2186,2174,1291,2170,16,0,9,1,9558,0,0.14379166666667084,1218,0.1555625000000003,393,0.17232638888889099,709,0.18343055555555493,281
SBP,20796813,25.717217266080198,5.455348625230984,32.598366628728925,0.2488853970031437,3.668647701808979,29.902654134425585,23.25229676145135,4.382238754384139,16.17671329513054,0.0,0.043151969981238276,1.0,0.9568480300187617,0.8352308338761537,2148,2142,1285,2134,14,1,4,0,9487,0,0.14461805555555976,1225,0.15477083333333364,391,0.17232638888889099,709,0.18669444444444377,286
SBP,20804732,45.47314605331796,13.847896734209144,56.17677773318831,0.46648523233833383,6.119998970208925,47.838960975238514,37.31371002983041,13.57761000174043,28.414370866465205,0.0,0.1157379056950398,1.0,0.8842620943049602,0.8639699198783911,2191,2184,1310,2179,12,1,6,0,9669,0,0.1475694444444488,1250,0.15279166666666696,386,0.17815972222222443,733,0.1879999999999993,288
SBP,20812651,53.23124135004364,15.120845371530397,66.69813608283557,0.5422954660882101,5.495168380061452,53.813103978198306,41.225179241067394,19.920799416383925,33.1634282415865,0.0,0.1288196524865189,1.0,0.8711803475134812,0.8885942124537662,2273,2257,1374,2252,21,0,15,0,10055,0,0.15323611111111574,1298,0.15002083333333363,379,0.18229166666666893,750,0.21802777777777677,334
SBP,20820570,30.643947480587084,5.97948449157684,38.870609144637065,0.292755643593563,4.169062619797417,35.46129588429308,27.641919007376753,5.234070542908818,19.20200189726326,0.0,0.04830614805520703,1.0,0.951693851944793,0.8365730699217613,2138,2125,1284,2119,19,0,11,1,9374,0,0.14284722222222637,1210,0.13141666666666693,332,0.17208333333333542,708,0.18081944444444384,277
SBP,20828489,37.06267290950766,6.465313637911022,46.703194723081495,0.34758093025834197,4.320262315752655,41.36534424588602,32.47796264130182,8.672020681334507,23.681325808230223,0.0,0.07936507936507936,1.0,0.9206349206349207,0.8410311914881717,2175,2155,1263,2137,38,1,16,15,9484,0,0.1415486111111152,1199,0.15279166666666696,386,0.18107638888889113,745,0.17559722222222168,269
SBP,20836408,60.17036175668266,11.906231748911251,75.6674935482775,0.5737647217531092,6.050210068850151,56.563186455080434,44.324459051711266,25.882164446130258,37.313423252637534,0.0,0.16047197640117994,1.0,0.8395280235988201,0.8886488992392121,2245,2237,1372,2230,15,1,7,0,9994,0,0.15264583333333792,1293,0.15002083333333363,379,0.18593750000000234,765,0.20497222222222136,314
SBP,20844327,32.38489674629132,7.790490009161268,40.298136061952704,0.3172845331938557,4.583028913268981,35.61627763722738,28.08584177425148,7.531537494073951,20.44655037653644,0.0,0.07995226730310262,1.0,0.9200477326968974,0.8561912294012661,2217,2213,1309,2206,11,0,4,1,9711,0,0.14638888888889318,1240,0.15002083333333363,379,0.18277777777778006,752,0.17886111111111053,274
SBP,20852246,33.91412417782684,6.166937873701167,43.58439593846774,0.3224627151827504,4.094989424160285,38.623500996475855,29.721241123557498,7.359740605683394,21.277174503581215,0.0,0.056639395846444306,1.0,0.9433606041535557,0.8398894520522201,2157,2141,1299,2132,25,0,15,2,9575,0,0.14532638888889313,1231,0.162291666666667,410,0.17378472222222435,715,0.19909722222222143,305
SBP,20860165,39.771394753609975,11.61248075867805,49.476567087873114,0.4058399141350328,5.372276501710409,41.36913862134402,32.15948751508287,13.000499711699906,25.028637995861736,0.0,0.08256315465187923,1.0,0.9174368453481208,0.8605591096246267,2189,2181,1293,2177,12,0,8,0,9571,0,0.1445000000000042,1224,0.15754166666666697,398,0.16819444444444645,692,0.18538888888888824,284
SBP,20868084,39.91722287131423,8.991896724725661,49.74012235990456,0.38683391894601565,4.05481905508883,41.539435341617484,32.50265913713414,12.127074121732667,24.737784439871845,0.0018975332068311196,0.10427968655816756,0.9981024667931688,0.8957203134418324,0.868468059007532,2198,2186,1346,2182,16,0,12,0,9840,0,0.1487500000000044,1260,0.161104166666667,407,0.18934027777778017,779,0.19648611111111033,301
SBP,20876003,54.41303514510445,13.518369420932784,67.75044461988053,0.5365569923606849,6.5138852861501,57.70091232794844,44.92738017141981,17.535540271007978,34.853846392783,0.0,0.14631197097944376,1.0,0.8536880290205562,0.8595539982672095,2223,2204,1282,2151,72,1,15,47,9771,0,0.14674305555555986,1243,0.15397916666666697,389,0.1849652777777801,761,0.2128055555555546,326
SBP,20883922,38.414724111951145,7.8352080719621116,49.065159916533,0.3707220691425706,4.712995349268376,44.61046858233233,34.26804240291262,6.886153106184764,24.05328323785215,0.0,0.08281444582814446,1.0,0.9171855541718555,0.8456509723840407,2170,2168,1290,2164,6,0,0,1,9548,0,0.14438194444444866,1223,0.14883333333333362,376,0.1747569444444466,719,0.1932222222222215,296
SBP,20891841,35.39430157446985,9.045147707822538,44.43014123480207,0.3526962741372331,4.877440725151184,38.69419291028526,30.028746189514873,8.868168691804293,22.114593911503114,0.0,0.08063530849114234,1.0,0.9193646915088577,0.8596877307786344,2202,2201,1315,2193,9,0,0,1,9682,0,0.14509027777778202,1229,0.14883333333333362,376,0.1771875000000022,729,0.19452777777777702,298
SBP,20899760,26.37161699158709,7.984568863449088,32.38607198677242,0.26896416334903295,4.521421589381366,29.02434359071525,22.999034901862657,5.699147517576026,16.502089771291164,0.0,0.034782608695652174,1.0,0.9652173913043478,0.8397010387356965,2136,2135,1284,2130,6,0,0,0,9516,0,0.1436736111111153,1217,0.15477083333333364,391,0.1788888888888911,736,0.20758333333333243,318
SBP,20907679,45.46199203448047,12.301401253741107,57.038277926200934,0.4584288785393601,5.3609261545896745,48.47585484036896,37.33290980103057,14.492451716420504,28.775890667104704,0.0,0.11945812807881774,1.0,0.8805418719211823,0.8588101138238126,2205,2190,1312,2168,37,1,11,17,9730,0,0.146979166666671,1245,0.14447916666666696,365,0.18812500000000237,774,0.1932222222222215,296
SBP,20915598,26.064278528901692,4.834662804302028,33.09079016011559,0.24725846960406422,3.652192868700105,31.683437901417584,24.72963674927428,2.108941646854633,16.219687750407306,0.0,0.010890454836643177,1.0,0.9891095451633568,0.8147207718588475,2077,2076,1252,2071,6,0,0,0,9216,0,0.13954166666667064,1182,0.14012500000000028,354,0.17572916666666882,723,0.186041666666666,285
SBP,20923517,39.384968256344294,9.427108721812369,49.306759352185175,0.3868431131783365,4.896473050288513,42.35064058999002,33.03638050445898,11.148702229018037,25.088340907231796,0.0,0.08172796263864565,1.0,0.9182720373613543,0.8651363452765388,2288,2280,1300,2279,9,0,6,0,9836,0,0.14461805555555976,1225,0.16387500000000033,414,0.17743055555555776,730,0.18538888888888824,284
SBP,20931436,40.99163281817835,12.043776282080875,50.26550539843571,0.41465253523270884,5.0732800344114155,43.81353345874602,34.41280223788685,11.394143944610136,25.809735751373474,0.0,0.0950938824954573,1.0,0.9049061175045428,0.8593955027062248,2199,2180,1301,2172,27,0,18,4,9658,0,0.14438194444444866,1223,0.14527083333333363,367,0.1856944444444468,764,0.19779166666666587,303
SBP,20939355,58.1195759275381,17.653192964423372,70.98754707898881,0.5908093760069585,6.21549689891823,55.34281534708926,43.489098401469,24.62490142085686,36.49022349664625,0.0,0.15274463007159905,1.0,0.8472553699284009,0.8646327841454046,2210,2209,1303,2205,5,0,1,0,9713,0,0.1445000000000042,1224,0.17693750000000036,447,0.1747569444444466,719,0.18343055555555493,281
SBP,20947274,27.777287715510916,8.312317639839751,33.97662534790893,0.2816744106787295,4.609259462837667,29.05784383075022,23.157239481687803,7.792846604836276,17.423925391106803,0.0,0.049878345498783457,1.0,0.9501216545012166,0.8430865145591901,2171,2167,1290,2161,10,0,2,0,9519,0,0.1448541666666709,1227,0.13735416666666694,347,0.17500000000000215,720,0.1906111111111104,292
SBP,20955193,36.20646383267872,7.579290279326465,45.79042112683149,0.34924568543872864,4.638333086845208,40.56784957509493,31.55621188911699,7.623353401656066,22.445172678184434,0.0,0.06086956521739131,1.0,0.9391304347826087,0.8566010556746857,2165,2149,1321,2145,20,0,16,1,9628,0,0.14438194444444866,1223,0.1555625000000003,393,0.1820486111111134,749,0.1886527777777771,289
SBP,20963112,42.49032356827171,11.548476266015953,52.3505079642343,0.423855904381501,5.672986318171813,43.35017454558192,34.255680835517424,14.338757982070033,26.76874365332436,0.0,0.12160566706021252,1.0,0.8783943329397875,0.8692925200087804,2246,2233,1345,2218,28,1,9,11,9953,0,0.15134722222222674,1282,0.16308333333333366,412,0.18277777777778006,752,0.20431944444444358,313
SBP,20971031,38.395910648343055,8.802556028191907,47.693578297950445,0.3725765476333701,5.182635552945681,42.15925818457104,33.301348584794496,8.489882194509791,24.06211372267797,0.001937984496124031,0.09035409035409035,0.998062015503876,0.9096459096459096,0.8479133787896677,2156,2154,1278,2150,6,1,0,0,9438,0,0.14261111111111524,1208,0.14329166666666696,362,0.17135416666666875,705,0.18343055555555493,281
SBP,20978950,83.39918284645746,38.18391427704659,98.78996362380268,0.9374113401400553,8.546490011481454,66.3272162656214,51.69762812893491,52.06930172861036,51.83811248582648,0.0,0.24102564102564103,1.0,0.7589743589743589,0.9175770803372987,2354,2350,1428,2343,11,0,1,3,10518,0,0.16067361111111605,1361,0.17377083333333368,439,0.20416666666666924,840,0.19648611111111033,301
SBP,20986869,25.31388471035694,7.737204329475512,31.756464925153708,0.2628319431129375,4.693250750955405,28.502689944464947,22.120104689480232,5.6161863366961535,15.971400320389048,0.0,0.039375,1.0,0.960625,0.8492064833093389,2197,2186,1298,2181,16,0,10,0,9598,0,0.14414583333333753,1221,0.1484375000000003,375,0.1764583333333355,726,0.18343055555555493,281
SBP,20994788,43.28560643064565,11.150224631605703,54.48730935688701,0.4327657092436054,5.146870979071694,44.09505171621744,34.00199025462619,15.437356201968928,27.049540109119878,0.0,0.10549043800123381,1.0,0.8945095619987662,0.8603370493313981,2194,2188,1310,2182,12,0,5,1,9709,0,0.14686111111111544,1244,0.1508125000000003,381,0.1820486111111134,749,0.2062777777777769,316
SBP,21002707,50.9403040864283,13.496475211194397,63.90687909182523,0.5112916909847607,5.946254583904124,53.26925203409165,41.08160928690243,16.766799037579286,32.06948919449249,0.0,0.11400848999393572,1.0,0.8859915100060642,0.850118634808735,2233,2221,1308,2216,17,1,11,1,9651,0,0.14402777777778197,1220,0.1472500000000003,372,0.17111111111111318,704,0.17429166666666615,267
SBP,21010626,38.17151750218879,9.557395459992508,47.81905834783564,0.37834255246411835,4.558993078027017,38.08757252708828,29.645015809959787,14.241663473284998,23.871469777824007,0.0017889087656529517,0.05177603853100542,0.998211091234347,0.9482239614689946,0.8577611902623611,2227,2220,1331,2213,14,0,4,1,9885,0,0.1466250000000043,1242,0.17218750000000035,435,0.18763888888889127,772,0.2036666666666658,312
SBP,21018545,52.064240319069334,14.335919404869513,66.06626276492169,0.5308774325826592,6.395671406713912,56.061588162073285,42.644411190792056,15.550840054314751,32.382957954766745,0.0,0.13942011104256632,1.0,0.8605798889574336,0.8778279031405279,2225,2221,1354,2213,12,0,4,1,9938,0,0.15063888888889337,1276,0.16268750000000032,411,0.19274305555555804,793,0.18669444444444377,286
SBP,21026464,36.82552185347848,8.267146465998756,46.466357746276735,0.3590415529902368,5.017525015082646,40.88089371608943,31.801559867733282,8.564093313721207,23.129487481325256,0.0,0.08837772397094432,1.0,0.9116222760290557,0.8666880804557101,2227,2212,1317,2203,24,1,14,0,9808,0,0.1478055555555599,1252,0.1555625000000003,393,0.18593750000000234,765,0.20105555555555474,308
SBP,21034383,39.828464078982925,6.981759426154651,49.83204355633749,0.3726518966139516,4.449418876611911,44.947294777597264,35.492894918573036,7.191177118694904,24.84773522574558,0.0,0.07924305144884683,1.0,0.9207569485511532,0.8637553616324797,2217,2206,1330,2206,11,0,8,0,9747,0,0.1456805555555598,1234,0.14883333333333362,376,0.17913194444444666,737,0.19779166666666587,303
